cell_id,cell_type,cell_zone,pin_wa,pin_wb,pin_wl,pin_wm
0,roottip,roottip,0.6666666666666667,1.0,0.6666666666666667,0.6666666666666667
1,roottip,roottip,0.6666666666666667,1.0,0.6666666666666667,0.6666666666666667
2,roottip,roottip,0.6666666666666667,1.0,0.6666666666666667,0.6666666666666667
3,roottip,roottip,0.6666666666666667,1.0,0.6666666666666667,0.6666666666666667
4,roottip,roottip,0.4,1.0,0.8,0.8
5,roottip,roottip,0.4,1.0,0.8,0.8
6,roottip,roottip,0.7692307692307692,0.6923076923076923,0.7692307692307692,0.7692307692307692
7,roottip,roottip,0.7692307692307692,0.6923076923076923,0.7692307692307692,0.7692307692307692
8,roottip,roottip,0.7692307692307692,0.6923076923076923,0.7692307692307692,0.7692307692307692
9,roottip,roottip,0.7692307692307692,0.6923076923076923,0.7692307692307692,0.7692307692307692
10,roottip,roottip,0.0625,1.0,0.96875,0.96875
11,roottip,roottip,0.0625,1.0,0.96875,0.96875
12,roottip,roottip,0.7692307692307692,0.6923076923076923,0.7692307692307692,0.7692307692307692
13,roottip,roottip,0.7692307692307692,0.6923076923076923,0.7692307692307692,0.7692307692307692
14,roottip,roottip,0.7692307692307692,0.6923076923076923,0.7692307692307692,0.7692307692307692
15,roottip,roottip,0.7692307692307692,0.6923076923076923,0.7692307692307692,0.7692307692307692
16,roottip,roottip,0.0625,1.0,0.96875,0.96875
17,roottip,roottip,0.0625,1.0,0.96875,0.96875
18,roottip,roottip,0.0625,1.0,0.96875,0.96875
19,roottip,roottip,0.0625,1.0,0.96875,0.96875
20,roottip,roottip,0.0625,1.0,0.96875,0.96875
21,roottip,roottip,0.7692307692307692,0.6923076923076923,0.7692307692307692,0.7692307692307692
22,roottip,roottip,0.7692307692307692,0.6923076923076923,0.7692307692307692,0.7692307692307692
23,roottip,roottip,0.7692307692307692,0.6923076923076923,0.7692307692307692,0.7692307692307692
24,roottip,roottip,0.7692307692307692,0.6923076923076923,0.7692307692307692,0.7692307692307692
25,roottip,roottip,0.0625,1.0,0.96875,0.96875
26,roottip,roottip,0.0625,1.0,0.96875,0.96875
27,roottip,roottip,0.0625,1.0,0.96875,0.96875
28,roottip,roottip,0.8148148148148149,0.8148148148148149,0.6296296296296297,0.7407407407407407
29,roottip,roottip,0.7333333333333334,0.7333333333333334,0.8,0.7333333333333334
30,roottip,roottip,0.7857142857142857,0.7142857142857143,0.7857142857142857,0.7142857142857143
31,roottip,roottip,0.7857142857142857,0.7142857142857143,0.7857142857142857,0.7142857142857143
32,roottip,roottip,0.7333333333333334,0.7333333333333334,0.8,0.7333333333333334
33,roottip,roottip,0.8148148148148149,0.8148148148148149,0.6296296296296297,0.7407407407407407
34,roottip,roottip,0.6296296296296297,0.7407407407407407,0.8148148148148149,0.8148148148148149
35,roottip,roottip,0.6296296296296297,0.7407407407407407,0.8148148148148149,0.8148148148148149
36,roottip,roottip,0.10447761194029836,1.0,0.9850746268656716,0.9104477611940298
37,roottip,roottip,0.10447761194029836,1.0,0.9850746268656716,0.9104477611940298
38,roottip,roottip,0.8,0.6,0.8,0.8
39,roottip,roottip,0.7142857142857143,0.7142857142857143,0.8571428571428572,0.7142857142857143
40,roottip,roottip,1.0,0.0,1.0,1.0
41,roottip,roottip,1.0,0.0,1.0,1.0
42,roottip,roottip,0.7142857142857143,0.7142857142857143,0.8571428571428572,0.7142857142857143
43,roottip,roottip,0.8,0.6,0.8,0.8
44,roottip,roottip,1.0,0.5,0.75,0.75
45,roottip,roottip,1.0,0.5,0.75,0.75
46,roottip,roottip,0.8275862068965517,0.6551724137931034,0.7586206896551725,0.7586206896551725
47,roottip,roottip,0.8275862068965517,0.6551724137931034,0.7586206896551725,0.7586206896551725
48,roottip,roottip,0.6296296296296297,0.7407407407407407,0.8148148148148149,0.8148148148148149
49,roottip,roottip,0.6296296296296297,0.7407407407407407,0.8148148148148149,0.8148148148148149
50,roottip,roottip,0.8275862068965517,0.6551724137931034,0.7586206896551725,0.7586206896551725
51,roottip,roottip,0.8275862068965517,0.6551724137931034,0.7586206896551725,0.7586206896551725
52,roottip,roottip,1.0,0.0,1.0,1.0
53,roottip,roottip,1.0,0.5833333333333333,0.7083333333333333,0.7083333333333333
54,roottip,roottip,1.0,0.6,0.7,0.7
55,roottip,roottip,1.0,0.6,0.7,0.7
56,roottip,roottip,1.0,0.6,0.7,0.7
57,roottip,roottip,1.0,0.6,0.7,0.7
58,roottip,roottip,1.0,0.5833333333333333,0.7083333333333333,0.7083333333333333
59,roottip,roottip,1.0,0.0,1.0,1.0
60,roottip,roottip,0.09090909090909094,1.0,1.0,0.9090909090909091
61,epidermis,meristematic,0.16666666666666674,1.0,0.9166666666666666,0.9166666666666666
62,cortex,meristematic,1.0,0.16666666666666674,0.9166666666666666,0.9166666666666666
63,endo,meristematic,1.0,0.45945945945945954,0.8108108108108109,0.7297297297297298
64,peri,meristematic,1.0,0.45945945945945954,0.8108108108108109,0.7297297297297298
65,vasc,meristematic,1.0,0.4444444444444444,0.7777777777777777,0.7777777777777777
66,vasc,meristematic,1.0,0.4444444444444444,0.7777777777777777,0.7777777777777777
67,vasc,meristematic,1.0,0.4444444444444444,0.7777777777777777,0.7777777777777777
68,vasc,meristematic,1.0,0.4444444444444444,0.7777777777777777,0.7777777777777777
69,vasc,meristematic,1.0,0.4444444444444444,0.7777777777777777,0.7777777777777777
70,vasc,meristematic,1.0,0.4444444444444444,0.7777777777777777,0.7777777777777777
71,peri,meristematic,1.0,0.45945945945945954,0.8108108108108109,0.7297297297297298
72,endo,meristematic,1.0,0.45945945945945954,0.8108108108108109,0.7297297297297298
73,cortex,meristematic,1.0,0.16666666666666674,0.9166666666666666,0.9166666666666666
74,epidermis,meristematic,0.16666666666666674,1.0,0.9166666666666666,0.9166666666666666
75,roottip,roottip,0.09090909090909094,1.0,1.0,0.9090909090909091
76,epidermis,meristematic,0.6666666666666667,1.0,0.6666666666666667,0.6666666666666667
77,cortex,meristematic,1.0,0.0,1.0,1.0
78,endo,meristematic,1.0,0.0,1.0,1.0
79,peri,meristematic,1.0,0.0,1.0,1.0
80,vasc,meristematic,1.0,0.0,1.0,1.0
81,vasc,meristematic,1.0,0.0,1.0,1.0
82,vasc,meristematic,1.0,0.0,1.0,1.0
83,vasc,meristematic,1.0,0.0,1.0,1.0
84,vasc,meristematic,1.0,0.0,1.0,1.0
85,vasc,meristematic,1.0,0.0,1.0,1.0
86,peri,meristematic,1.0,0.0,1.0,1.0
87,endo,meristematic,1.0,0.0,1.0,1.0
88,cortex,meristematic,1.0,0.0,1.0,1.0
89,epidermis,meristematic,0.6666666666666667,1.0,0.6666666666666667,0.6666666666666667
90,roottip,roottip,0.09090909090909094,1.0,1.0,0.9090909090909091
91,epidermis,meristematic,0.2857142857142858,1.0,0.7857142857142858,0.9285714285714286
92,cortex,meristematic,1.0,0.09090909090909094,1.0,0.9090909090909091
93,endo,meristematic,1.0,0.31034482758620696,0.9310344827586207,0.7586206896551725
94,peri,meristematic,1.0,0.09090909090909094,1.0,0.9090909090909091
95,vasc,meristematic,1.0,0.04761904761904745,0.9761904761904762,0.9761904761904762
96,vasc,meristematic,1.0,0.04761904761904745,0.9761904761904762,0.9761904761904762
97,vasc,meristematic,1.0,0.04761904761904745,0.9761904761904762,0.9761904761904762
98,vasc,meristematic,1.0,0.04761904761904745,0.9761904761904762,0.9761904761904762
99,vasc,meristematic,1.0,0.04761904761904745,0.9761904761904762,0.9761904761904762
100,vasc,meristematic,1.0,0.04761904761904745,0.9761904761904762,0.9761904761904762
101,peri,meristematic,1.0,0.09090909090909094,1.0,0.9090909090909091
102,endo,meristematic,1.0,0.31034482758620696,0.9310344827586207,0.7586206896551725
103,cortex,meristematic,1.0,0.09090909090909094,1.0,0.9090909090909091
104,epidermis,meristematic,0.2857142857142858,1.0,0.7857142857142858,0.9285714285714286
105,roottip,roottip,0.09090909090909094,1.0,1.0,0.9090909090909091
106,epidermis,meristematic,0.6666666666666667,1.0,0.6666666666666667,0.6666666666666667
107,cortex,meristematic,1.0,0.0,1.0,1.0
108,endo,meristematic,1.0,0.0,1.0,1.0
109,peri,meristematic,1.0,0.0,1.0,1.0
110,vasc,meristematic,1.0,0.0,1.0,1.0
111,vasc,meristematic,1.0,0.0,1.0,1.0
112,vasc,meristematic,1.0,0.0,1.0,1.0
113,vasc,meristematic,1.0,0.0,1.0,1.0
114,vasc,meristematic,1.0,0.0,1.0,1.0
115,vasc,meristematic,1.0,0.0,1.0,1.0
116,peri,meristematic,1.0,0.0,1.0,1.0
117,endo,meristematic,1.0,0.0,1.0,1.0
118,cortex,meristematic,1.0,0.0,1.0,1.0
119,epidermis,meristematic,0.6666666666666667,1.0,0.6666666666666667,0.6666666666666667
120,roottip,roottip,0.09090909090909094,1.0,1.0,0.9090909090909091
121,epidermis,meristematic,0.2857142857142858,1.0,0.7857142857142858,0.9285714285714286
122,cortex,meristematic,1.0,0.09090909090909094,1.0,0.9090909090909091
123,endo,meristematic,1.0,0.31034482758620696,0.9310344827586207,0.7586206896551725
124,peri,meristematic,1.0,0.09090909090909094,1.0,0.9090909090909091
125,vasc,meristematic,1.0,0.04761904761904745,0.9761904761904762,0.9761904761904762
126,vasc,meristematic,1.0,0.04761904761904745,0.9761904761904762,0.9761904761904762
127,vasc,meristematic,1.0,0.04761904761904745,0.9761904761904762,0.9761904761904762
128,vasc,meristematic,1.0,0.04761904761904745,0.9761904761904762,0.9761904761904762
129,vasc,meristematic,1.0,0.04761904761904745,0.9761904761904762,0.9761904761904762
130,vasc,meristematic,1.0,0.04761904761904745,0.9761904761904762,0.9761904761904762
131,peri,meristematic,1.0,0.09090909090909094,1.0,0.9090909090909091
132,endo,meristematic,1.0,0.31034482758620696,0.9310344827586207,0.7586206896551725
133,cortex,meristematic,1.0,0.09090909090909094,1.0,0.9090909090909091
134,epidermis,meristematic,0.2857142857142858,1.0,0.7857142857142858,0.9285714285714286
135,roottip,roottip,0.09090909090909094,1.0,1.0,0.9090909090909091
136,roottip,roottip,0.09090909090909094,1.0,1.0,0.9090909090909091
137,epidermis,meristematic,0.6666666666666667,1.0,0.6666666666666667,0.6666666666666667
138,cortex,meristematic,1.0,0.0,1.0,1.0
139,endo,meristematic,1.0,0.0,1.0,1.0
140,peri,meristematic,1.0,0.0,1.0,1.0
141,vasc,meristematic,1.0,0.0,1.0,1.0
142,vasc,meristematic,1.0,0.0,1.0,1.0
143,vasc,meristematic,1.0,0.0,1.0,1.0
144,vasc,meristematic,1.0,0.0,1.0,1.0
145,vasc,meristematic,1.0,0.0,1.0,1.0
146,vasc,meristematic,1.0,0.0,1.0,1.0
147,peri,meristematic,1.0,0.0,1.0,1.0
148,endo,meristematic,1.0,0.0,1.0,1.0
149,cortex,meristematic,1.0,0.0,1.0,1.0
150,epidermis,meristematic,0.6666666666666667,1.0,0.6666666666666667,0.6666666666666667
151,roottip,roottip,0.09090909090909094,1.0,1.0,0.9090909090909091
152,epidermis,meristematic,0.2857142857142858,1.0,0.7857142857142858,0.9285714285714286
153,cortex,meristematic,1.0,0.09090909090909094,1.0,0.9090909090909091
154,endo,meristematic,1.0,0.31034482758620696,0.9310344827586207,0.7586206896551725
155,peri,meristematic,1.0,0.09090909090909094,1.0,0.9090909090909091
156,vasc,meristematic,1.0,0.04761904761904745,0.9761904761904762,0.9761904761904762
157,vasc,meristematic,1.0,0.04761904761904745,0.9761904761904762,0.9761904761904762
158,vasc,meristematic,1.0,0.04761904761904745,0.9761904761904762,0.9761904761904762
159,vasc,meristematic,1.0,0.04761904761904745,0.9761904761904762,0.9761904761904762
160,vasc,meristematic,1.0,0.04761904761904745,0.9761904761904762,0.9761904761904762
161,vasc,meristematic,1.0,0.04761904761904745,0.9761904761904762,0.9761904761904762
162,peri,meristematic,1.0,0.09090909090909094,1.0,0.9090909090909091
163,endo,meristematic,1.0,0.31034482758620696,0.9310344827586207,0.7586206896551725
164,cortex,meristematic,1.0,0.09090909090909094,1.0,0.9090909090909091
165,epidermis,meristematic,0.2857142857142858,1.0,0.7857142857142858,0.9285714285714286
166,roottip,roottip,0.09090909090909094,1.0,1.0,0.9090909090909091
167,epidermis,meristematic,0.6666666666666667,1.0,0.6666666666666667,0.6666666666666667
168,cortex,meristematic,1.0,0.0,1.0,1.0
169,endo,meristematic,1.0,0.0,1.0,1.0
170,peri,meristematic,1.0,0.0,1.0,1.0
171,vasc,meristematic,1.0,0.0,1.0,1.0
172,vasc,meristematic,1.0,0.0,1.0,1.0
173,vasc,meristematic,1.0,0.0,1.0,1.0
174,vasc,meristematic,1.0,0.0,1.0,1.0
175,vasc,meristematic,1.0,0.0,1.0,1.0
176,vasc,meristematic,1.0,0.0,1.0,1.0
177,peri,meristematic,1.0,0.0,1.0,1.0
178,endo,meristematic,1.0,0.0,1.0,1.0
179,cortex,meristematic,1.0,0.0,1.0,1.0
180,epidermis,meristematic,0.6666666666666667,1.0,0.6666666666666667,0.6666666666666667
181,roottip,roottip,0.09090909090909094,1.0,1.0,0.9090909090909091
182,epidermis,meristematic,0.2857142857142858,1.0,0.7857142857142858,0.9285714285714286
183,cortex,meristematic,1.0,0.09090909090909094,1.0,0.9090909090909091
184,endo,meristematic,1.0,0.31034482758620696,0.9310344827586207,0.7586206896551725
185,peri,meristematic,1.0,0.09090909090909094,1.0,0.9090909090909091
186,vasc,meristematic,1.0,0.04761904761904745,0.9761904761904762,0.9761904761904762
187,vasc,meristematic,1.0,0.04761904761904745,0.9761904761904762,0.9761904761904762
188,vasc,meristematic,1.0,0.04761904761904745,0.9761904761904762,0.9761904761904762
189,vasc,meristematic,1.0,0.04761904761904745,0.9761904761904762,0.9761904761904762
190,vasc,meristematic,1.0,0.04761904761904745,0.9761904761904762,0.9761904761904762
191,vasc,meristematic,1.0,0.04761904761904745,0.9761904761904762,0.9761904761904762
192,peri,meristematic,1.0,0.09090909090909094,1.0,0.9090909090909091
193,endo,meristematic,1.0,0.31034482758620696,0.9310344827586207,0.7586206896551725
194,cortex,meristematic,1.0,0.09090909090909094,1.0,0.9090909090909091
195,epidermis,meristematic,0.2857142857142858,1.0,0.7857142857142858,0.9285714285714286
196,epidermis,meristematic,0.6666666666666667,1.0,0.6666666666666667,0.6666666666666667
197,cortex,meristematic,1.0,0.0,1.0,1.0
198,endo,meristematic,1.0,0.0,1.0,1.0
199,peri,meristematic,1.0,0.0,1.0,1.0
200,vasc,meristematic,1.0,0.0,1.0,1.0
201,vasc,meristematic,1.0,0.0,1.0,1.0
202,vasc,meristematic,1.0,0.0,1.0,1.0
203,vasc,meristematic,1.0,0.0,1.0,1.0
204,vasc,meristematic,1.0,0.0,1.0,1.0
205,vasc,meristematic,1.0,0.0,1.0,1.0
206,peri,meristematic,1.0,0.0,1.0,1.0
207,endo,meristematic,1.0,0.0,1.0,1.0
208,cortex,meristematic,1.0,0.0,1.0,1.0
209,epidermis,meristematic,0.6666666666666667,1.0,0.6666666666666667,0.6666666666666667
210,roottip,roottip,0.09090909090909094,1.0,1.0,0.9090909090909091
211,epidermis,meristematic,0.16666666666666674,1.0,0.9166666666666666,0.9166666666666666
212,cortex,meristematic,1.0,0.09090909090909094,1.0,0.9090909090909091
213,endo,meristematic,1.0,0.31034482758620696,0.9310344827586207,0.7586206896551725
214,peri,meristematic,1.0,0.09090909090909094,1.0,0.9090909090909091
215,vasc,meristematic,1.0,0.04761904761904745,0.9761904761904762,0.9761904761904762
216,vasc,meristematic,1.0,0.04761904761904745,0.9761904761904762,0.9761904761904762
217,vasc,meristematic,1.0,0.04761904761904745,0.9761904761904762,0.9761904761904762
218,vasc,meristematic,1.0,0.04761904761904745,0.9761904761904762,0.9761904761904762
219,vasc,meristematic,1.0,0.04761904761904745,0.9761904761904762,0.9761904761904762
220,vasc,meristematic,1.0,0.04761904761904745,0.9761904761904762,0.9761904761904762
221,peri,meristematic,1.0,0.09090909090909094,1.0,0.9090909090909091
222,endo,meristematic,1.0,0.31034482758620696,0.9310344827586207,0.7586206896551725
223,cortex,meristematic,1.0,0.09090909090909094,1.0,0.9090909090909091
224,epidermis,meristematic,0.16666666666666674,1.0,0.9166666666666666,0.9166666666666666
225,roottip,roottip,0.09090909090909094,1.0,1.0,0.9090909090909091
226,epidermis,meristematic,0.6666666666666667,1.0,0.6666666666666667,0.6666666666666667
227,cortex,meristematic,1.0,0.0,1.0,1.0
228,endo,meristematic,1.0,0.0,1.0,1.0
229,peri,meristematic,1.0,0.0,1.0,1.0
230,vasc,meristematic,1.0,0.0,1.0,1.0
231,vasc,meristematic,1.0,0.0,1.0,1.0
232,vasc,meristematic,1.0,0.0,1.0,1.0
233,vasc,meristematic,1.0,0.0,1.0,1.0
234,vasc,meristematic,1.0,0.0,1.0,1.0
235,vasc,meristematic,1.0,0.0,1.0,1.0
236,peri,meristematic,1.0,0.0,1.0,1.0
237,endo,meristematic,1.0,0.0,1.0,1.0
238,cortex,meristematic,1.0,0.0,1.0,1.0
239,epidermis,meristematic,0.6666666666666667,1.0,0.6666666666666667,0.6666666666666667
240,epidermis,meristematic,0.16666666666666674,1.0,0.9166666666666666,0.9166666666666666
241,cortex,meristematic,1.0,0.09090909090909094,1.0,0.9090909090909091
242,endo,meristematic,1.0,0.31034482758620696,0.9310344827586207,0.7586206896551725
243,peri,meristematic,1.0,0.09090909090909094,1.0,0.9090909090909091
244,vasc,meristematic,1.0,0.04761904761904745,0.9761904761904762,0.9761904761904762
245,vasc,meristematic,1.0,0.04761904761904745,0.9761904761904762,0.9761904761904762
246,vasc,meristematic,1.0,0.04761904761904745,0.9761904761904762,0.9761904761904762
247,vasc,meristematic,1.0,0.04761904761904745,0.9761904761904762,0.9761904761904762
248,vasc,meristematic,1.0,0.04761904761904745,0.9761904761904762,0.9761904761904762
249,vasc,meristematic,1.0,0.04761904761904745,0.9761904761904762,0.9761904761904762
250,peri,meristematic,1.0,0.09090909090909094,1.0,0.9090909090909091
251,endo,meristematic,1.0,0.31034482758620696,0.9310344827586207,0.7586206896551725
252,cortex,meristematic,1.0,0.09090909090909094,1.0,0.9090909090909091
253,epidermis,meristematic,0.16666666666666674,1.0,0.9166666666666666,0.9166666666666666
254,epidermis,meristematic,0.6666666666666667,1.0,0.6666666666666667,0.6666666666666667
255,cortex,meristematic,1.0,0.0,1.0,1.0
256,endo,meristematic,1.0,0.0,1.0,1.0
257,peri,meristematic,1.0,0.0,1.0,1.0
258,vasc,meristematic,1.0,0.0,1.0,1.0
259,vasc,meristematic,1.0,0.0,1.0,1.0
260,vasc,meristematic,1.0,0.0,1.0,1.0
261,vasc,meristematic,1.0,0.0,1.0,1.0
262,vasc,meristematic,1.0,0.0,1.0,1.0
263,vasc,meristematic,1.0,0.0,1.0,1.0
264,peri,meristematic,1.0,0.0,1.0,1.0
265,endo,meristematic,1.0,0.0,1.0,1.0
266,cortex,meristematic,1.0,0.0,1.0,1.0
267,epidermis,meristematic,0.6666666666666667,1.0,0.6666666666666667,0.6666666666666667
268,epidermis,meristematic,0.16666666666666674,1.0,0.9166666666666666,0.9166666666666666
269,cortex,meristematic,1.0,0.09090909090909094,1.0,0.9090909090909091
270,endo,meristematic,1.0,0.31034482758620696,0.9310344827586207,0.7586206896551725
271,peri,meristematic,1.0,0.09090909090909094,1.0,0.9090909090909091
272,vasc,meristematic,1.0,0.04761904761904745,0.9761904761904762,0.9761904761904762
273,vasc,meristematic,1.0,0.04761904761904745,0.9761904761904762,0.9761904761904762
274,vasc,meristematic,1.0,0.04761904761904745,0.9761904761904762,0.9761904761904762
275,vasc,meristematic,1.0,0.04761904761904745,0.9761904761904762,0.9761904761904762
276,vasc,meristematic,1.0,0.04761904761904745,0.9761904761904762,0.9761904761904762
277,vasc,meristematic,1.0,0.04761904761904745,0.9761904761904762,0.9761904761904762
278,peri,meristematic,1.0,0.09090909090909094,1.0,0.9090909090909091
279,endo,meristematic,1.0,0.31034482758620696,0.9310344827586207,0.7586206896551725
280,cortex,meristematic,1.0,0.09090909090909094,1.0,0.9090909090909091
281,epidermis,meristematic,0.16666666666666674,1.0,0.9166666666666666,0.9166666666666666
282,epidermis,meristematic,0.6666666666666667,1.0,0.6666666666666667,0.6666666666666667
283,cortex,meristematic,1.0,0.0,1.0,1.0
284,endo,meristematic,1.0,0.0,1.0,1.0
285,peri,meristematic,1.0,0.0,1.0,1.0
286,vasc,meristematic,1.0,0.0,1.0,1.0
287,vasc,meristematic,1.0,0.0,1.0,1.0
288,vasc,meristematic,1.0,0.0,1.0,1.0
289,vasc,meristematic,1.0,0.0,1.0,1.0
290,vasc,meristematic,1.0,0.0,1.0,1.0
291,vasc,meristematic,1.0,0.0,1.0,1.0
292,peri,meristematic,1.0,0.0,1.0,1.0
293,endo,meristematic,1.0,0.0,1.0,1.0
294,cortex,meristematic,1.0,0.0,1.0,1.0
295,epidermis,meristematic,0.6666666666666667,1.0,0.6666666666666667,0.6666666666666667
296,roottip,roottip,0.09090909090909094,1.0,1.0,0.9090909090909091
297,epidermis,meristematic,0.16666666666666674,1.0,0.9166666666666666,0.9166666666666666
298,cortex,meristematic,1.0,0.09090909090909094,1.0,0.9090909090909091
299,endo,meristematic,1.0,0.31034482758620696,0.9310344827586207,0.7586206896551725
300,peri,meristematic,1.0,0.09090909090909094,1.0,0.9090909090909091
301,vasc,meristematic,1.0,0.04761904761904745,0.9761904761904762,0.9761904761904762
302,vasc,meristematic,1.0,0.04761904761904745,0.9761904761904762,0.9761904761904762
303,vasc,meristematic,1.0,0.04761904761904745,0.9761904761904762,0.9761904761904762
304,vasc,meristematic,1.0,0.04761904761904745,0.9761904761904762,0.9761904761904762
305,vasc,meristematic,1.0,0.04761904761904745,0.9761904761904762,0.9761904761904762
306,vasc,meristematic,1.0,0.04761904761904745,0.9761904761904762,0.9761904761904762
307,peri,meristematic,1.0,0.09090909090909094,1.0,0.9090909090909091
308,endo,meristematic,1.0,0.31034482758620696,0.9310344827586207,0.7586206896551725
309,cortex,meristematic,1.0,0.09090909090909094,1.0,0.9090909090909091
310,epidermis,meristematic,0.16666666666666674,1.0,0.9166666666666666,0.9166666666666666
311,roottip,roottip,0.09090909090909094,1.0,1.0,0.9090909090909091
312,epidermis,transition,0.6666666666666667,1.0,0.6666666666666667,0.6666666666666667
313,cortex,transition,1.0,0.0,1.0,1.0
314,endo,transition,1.0,0.0,1.0,1.0
315,peri,transition,1.0,0.0,1.0,1.0
316,vasc,transition,1.0,0.0,1.0,1.0
317,vasc,transition,1.0,0.0,1.0,1.0
318,vasc,transition,1.0,0.0,1.0,1.0
319,vasc,transition,1.0,0.0,1.0,1.0
320,vasc,transition,1.0,0.0,1.0,1.0
321,vasc,transition,1.0,0.0,1.0,1.0
322,peri,transition,1.0,0.0,1.0,1.0
323,endo,transition,1.0,0.0,1.0,1.0
324,cortex,transition,1.0,0.0,1.0,1.0
325,epidermis,transition,0.6666666666666667,1.0,0.6666666666666667,0.6666666666666667
326,epidermis,transition,0.16666666666666674,1.0,0.9166666666666666,0.9166666666666666
327,cortex,transition,1.0,0.09090909090909094,1.0,0.9090909090909091
328,endo,transition,1.0,0.31034482758620696,0.9310344827586207,0.7586206896551725
329,peri,transition,1.0,0.09090909090909094,1.0,0.9090909090909091
330,vasc,transition,1.0,0.04761904761904745,0.9761904761904762,0.9761904761904762
331,vasc,transition,1.0,0.04761904761904745,0.9761904761904762,0.9761904761904762
332,vasc,transition,1.0,0.04761904761904745,0.9761904761904762,0.9761904761904762
333,vasc,transition,1.0,0.04761904761904745,0.9761904761904762,0.9761904761904762
334,vasc,transition,1.0,0.04761904761904745,0.9761904761904762,0.9761904761904762
335,vasc,transition,1.0,0.04761904761904745,0.9761904761904762,0.9761904761904762
336,peri,transition,1.0,0.09090909090909094,1.0,0.9090909090909091
337,endo,transition,1.0,0.31034482758620696,0.9310344827586207,0.7586206896551725
338,cortex,transition,1.0,0.09090909090909094,1.0,0.9090909090909091
339,epidermis,transition,0.16666666666666674,1.0,0.9166666666666666,0.9166666666666666
340,epidermis,transition,0.6666666666666667,1.0,0.6666666666666667,0.6666666666666667
341,cortex,transition,1.0,0.0,1.0,1.0
342,endo,transition,1.0,0.0,1.0,1.0
343,peri,transition,1.0,0.0,1.0,1.0
344,vasc,transition,1.0,0.0,1.0,1.0
345,vasc,transition,1.0,0.0,1.0,1.0
346,vasc,transition,1.0,0.0,1.0,1.0
347,vasc,transition,1.0,0.0,1.0,1.0
348,vasc,transition,1.0,0.0,1.0,1.0
349,vasc,transition,1.0,0.0,1.0,1.0
350,peri,transition,1.0,0.0,1.0,1.0
351,endo,transition,1.0,0.0,1.0,1.0
352,cortex,transition,1.0,0.0,1.0,1.0
353,epidermis,transition,0.6666666666666667,1.0,0.6666666666666667,0.6666666666666667
354,epidermis,transition,0.16666666666666674,1.0,0.9166666666666666,0.9166666666666666
355,cortex,transition,1.0,0.09090909090909094,1.0,0.9090909090909091
356,endo,transition,1.0,0.31034482758620696,0.9310344827586207,0.7586206896551725
357,peri,transition,1.0,0.09090909090909094,1.0,0.9090909090909091
358,vasc,transition,1.0,0.04761904761904745,0.9761904761904762,0.9761904761904762
359,vasc,transition,1.0,0.04761904761904745,0.9761904761904762,0.9761904761904762
360,vasc,transition,1.0,0.04761904761904745,0.9761904761904762,0.9761904761904762
361,vasc,transition,1.0,0.04761904761904745,0.9761904761904762,0.9761904761904762
362,vasc,transition,1.0,0.04761904761904745,0.9761904761904762,0.9761904761904762
363,vasc,transition,1.0,0.04761904761904745,0.9761904761904762,0.9761904761904762
364,peri,transition,1.0,0.09090909090909094,1.0,0.9090909090909091
365,endo,transition,1.0,0.31034482758620696,0.9310344827586207,0.7586206896551725
366,cortex,transition,1.0,0.09090909090909094,1.0,0.9090909090909091
367,epidermis,transition,0.16666666666666674,1.0,0.9166666666666666,0.9166666666666666
368,epidermis,transition,0.6666666666666667,1.0,0.6666666666666667,0.6666666666666667
369,cortex,transition,1.0,0.0,1.0,1.0
370,endo,transition,1.0,0.0,1.0,1.0
371,peri,transition,1.0,0.0,1.0,1.0
372,vasc,transition,1.0,0.0,1.0,1.0
373,vasc,transition,1.0,0.0,1.0,1.0
374,vasc,transition,1.0,0.0,1.0,1.0
375,vasc,transition,1.0,0.0,1.0,1.0
376,vasc,transition,1.0,0.0,1.0,1.0
377,vasc,transition,1.0,0.0,1.0,1.0
378,peri,transition,1.0,0.0,1.0,1.0
379,endo,transition,1.0,0.0,1.0,1.0
380,cortex,transition,1.0,0.0,1.0,1.0
381,epidermis,transition,0.6666666666666667,1.0,0.6666666666666667,0.6666666666666667
382,epidermis,transition,0.16666666666666674,1.0,0.9166666666666666,0.9166666666666666
383,cortex,transition,1.0,0.09090909090909094,1.0,0.9090909090909091
384,endo,transition,1.0,0.31034482758620696,0.9310344827586207,0.7586206896551725
385,peri,transition,1.0,0.09090909090909094,1.0,0.9090909090909091
386,vasc,transition,1.0,0.04761904761904745,0.9761904761904762,0.9761904761904762
387,vasc,transition,1.0,0.04761904761904745,0.9761904761904762,0.9761904761904762
388,vasc,transition,1.0,0.04761904761904745,0.9761904761904762,0.9761904761904762
389,vasc,transition,1.0,0.04761904761904745,0.9761904761904762,0.9761904761904762
390,vasc,transition,1.0,0.04761904761904745,0.9761904761904762,0.9761904761904762
391,vasc,transition,1.0,0.04761904761904745,0.9761904761904762,0.9761904761904762
392,peri,transition,1.0,0.09090909090909094,1.0,0.9090909090909091
393,endo,transition,1.0,0.31034482758620696,0.9310344827586207,0.7586206896551725
394,cortex,transition,1.0,0.09090909090909094,1.0,0.9090909090909091
395,epidermis,transition,0.16666666666666674,1.0,0.9166666666666666,0.9166666666666666
396,epidermis,transition,0.6666666666666667,1.0,0.6666666666666667,0.6666666666666667
397,cortex,transition,1.0,0.0,1.0,1.0
398,endo,transition,1.0,0.0,1.0,1.0
399,peri,transition,1.0,0.0,1.0,1.0
400,vasc,transition,1.0,0.0,1.0,1.0
401,vasc,transition,1.0,0.0,1.0,1.0
402,vasc,transition,1.0,0.0,1.0,1.0
403,vasc,transition,1.0,0.0,1.0,1.0
404,vasc,transition,1.0,0.0,1.0,1.0
405,vasc,transition,1.0,0.0,1.0,1.0
406,peri,transition,1.0,0.0,1.0,1.0
407,endo,transition,1.0,0.0,1.0,1.0
408,cortex,transition,1.0,0.0,1.0,1.0
409,epidermis,transition,0.6666666666666667,1.0,0.6666666666666667,0.6666666666666667
410,epidermis,transition,0.16666666666666674,1.0,0.9166666666666666,0.9166666666666666
411,cortex,transition,1.0,0.09090909090909094,1.0,0.9090909090909091
412,endo,transition,1.0,0.31034482758620696,0.9310344827586207,0.7586206896551725
413,peri,transition,1.0,0.09090909090909094,1.0,0.9090909090909091
414,vasc,transition,1.0,0.04761904761904745,0.9761904761904762,0.9761904761904762
415,vasc,transition,1.0,0.04761904761904745,0.9761904761904762,0.9761904761904762
416,vasc,transition,1.0,0.04761904761904745,0.9761904761904762,0.9761904761904762
417,vasc,transition,1.0,0.04761904761904745,0.9761904761904762,0.9761904761904762
418,vasc,transition,1.0,0.04761904761904745,0.9761904761904762,0.9761904761904762
419,vasc,transition,1.0,0.04761904761904745,0.9761904761904762,0.9761904761904762
420,peri,transition,1.0,0.09090909090909094,1.0,0.9090909090909091
421,endo,transition,1.0,0.31034482758620696,0.9310344827586207,0.7586206896551725
422,cortex,transition,1.0,0.09090909090909094,1.0,0.9090909090909091
423,epidermis,transition,0.16666666666666674,1.0,0.9166666666666666,0.9166666666666666
424,epidermis,transition,0.6666666666666667,1.0,0.6666666666666667,0.6666666666666667
425,cortex,transition,1.0,0.0,1.0,1.0
426,endo,transition,1.0,0.0,1.0,1.0
427,peri,transition,1.0,0.0,1.0,1.0
428,vasc,transition,1.0,0.0,1.0,1.0
429,vasc,transition,1.0,0.0,1.0,1.0
430,vasc,transition,1.0,0.0,1.0,1.0
431,vasc,transition,1.0,0.0,1.0,1.0
432,vasc,transition,1.0,0.0,1.0,1.0
433,vasc,transition,1.0,0.0,1.0,1.0
434,peri,transition,1.0,0.0,1.0,1.0
435,endo,transition,1.0,0.0,1.0,1.0
436,cortex,transition,1.0,0.0,1.0,1.0
437,epidermis,transition,0.6666666666666667,1.0,0.6666666666666667,0.6666666666666667
438,epidermis,transition,0.16666666666666674,1.0,0.9166666666666666,0.9166666666666666
439,cortex,transition,1.0,0.09090909090909094,1.0,0.9090909090909091
440,endo,transition,1.0,0.31034482758620696,0.9310344827586207,0.7586206896551725
441,peri,transition,1.0,0.09090909090909094,1.0,0.9090909090909091
442,vasc,transition,1.0,0.04761904761904745,0.9761904761904762,0.9761904761904762
443,vasc,transition,1.0,0.04761904761904745,0.9761904761904762,0.9761904761904762
444,vasc,transition,1.0,0.04761904761904745,0.9761904761904762,0.9761904761904762
445,vasc,transition,1.0,0.04761904761904745,0.9761904761904762,0.9761904761904762
446,vasc,transition,1.0,0.04761904761904745,0.9761904761904762,0.9761904761904762
447,vasc,transition,1.0,0.04761904761904745,0.9761904761904762,0.9761904761904762
448,peri,transition,1.0,0.09090909090909094,1.0,0.9090909090909091
449,endo,transition,1.0,0.31034482758620696,0.9310344827586207,0.7586206896551725
450,cortex,transition,1.0,0.09090909090909094,1.0,0.9090909090909091
451,epidermis,transition,0.16666666666666674,1.0,0.9166666666666666,0.9166666666666666
452,epidermis,transition,0.6666666666666667,1.0,0.6666666666666667,0.6666666666666667
453,cortex,transition,1.0,0.0,1.0,1.0
454,endo,transition,1.0,0.0,1.0,1.0
455,peri,transition,1.0,0.0,1.0,1.0
456,vasc,transition,1.0,0.0,1.0,1.0
457,vasc,transition,1.0,0.0,1.0,1.0
458,vasc,transition,1.0,0.0,1.0,1.0
459,vasc,transition,1.0,0.0,1.0,1.0
460,vasc,transition,1.0,0.0,1.0,1.0
461,vasc,transition,1.0,0.0,1.0,1.0
462,peri,transition,1.0,0.0,1.0,1.0
463,endo,transition,1.0,0.0,1.0,1.0
464,cortex,transition,1.0,0.0,1.0,1.0
465,epidermis,transition,0.6666666666666667,1.0,0.6666666666666667,0.6666666666666667
466,epidermis,transition,0.16666666666666674,1.0,0.9166666666666666,0.9166666666666666
467,cortex,transition,1.0,0.09090909090909094,1.0,0.9090909090909091
468,endo,transition,1.0,0.31034482758620696,0.9310344827586207,0.7586206896551725
469,peri,transition,1.0,0.09090909090909094,1.0,0.9090909090909091
470,vasc,transition,1.0,0.04761904761904745,0.9761904761904762,0.9761904761904762
471,vasc,transition,1.0,0.04761904761904745,0.9761904761904762,0.9761904761904762
472,vasc,transition,1.0,0.04761904761904745,0.9761904761904762,0.9761904761904762
473,vasc,transition,1.0,0.04761904761904745,0.9761904761904762,0.9761904761904762
474,vasc,transition,1.0,0.04761904761904745,0.9761904761904762,0.9761904761904762
475,vasc,transition,1.0,0.04761904761904745,0.9761904761904762,0.9761904761904762
476,peri,transition,1.0,0.09090909090909094,1.0,0.9090909090909091
477,endo,transition,1.0,0.31034482758620696,0.9310344827586207,0.7586206896551725
478,cortex,transition,1.0,0.09090909090909094,1.0,0.9090909090909091
479,epidermis,transition,0.16666666666666674,1.0,0.9166666666666666,0.9166666666666666
480,epidermis,transition,0.6666666666666667,1.0,0.6666666666666667,0.6666666666666667
481,cortex,transition,1.0,0.0,1.0,1.0
482,endo,transition,1.0,0.0,1.0,1.0
483,peri,transition,1.0,0.0,1.0,1.0
484,vasc,transition,1.0,0.0,1.0,1.0
485,vasc,transition,1.0,0.0,1.0,1.0
486,vasc,transition,1.0,0.0,1.0,1.0
487,vasc,transition,1.0,0.0,1.0,1.0
488,vasc,transition,1.0,0.0,1.0,1.0
489,vasc,transition,1.0,0.0,1.0,1.0
490,peri,transition,1.0,0.0,1.0,1.0
491,endo,transition,1.0,0.0,1.0,1.0
492,cortex,transition,1.0,0.0,1.0,1.0
493,epidermis,transition,0.6666666666666667,1.0,0.6666666666666667,0.6666666666666667
494,epidermis,transition,0.16666666666666674,1.0,0.9166666666666666,0.9166666666666666
495,cortex,transition,1.0,0.09090909090909094,1.0,0.9090909090909091
496,endo,transition,1.0,0.31034482758620696,0.9310344827586207,0.7586206896551725
497,peri,transition,1.0,0.09090909090909094,1.0,0.9090909090909091
498,vasc,transition,1.0,0.04761904761904745,0.9761904761904762,0.9761904761904762
499,vasc,transition,1.0,0.04761904761904745,0.9761904761904762,0.9761904761904762
500,vasc,transition,1.0,0.04761904761904745,0.9761904761904762,0.9761904761904762
501,vasc,transition,1.0,0.04761904761904745,0.9761904761904762,0.9761904761904762
502,vasc,transition,1.0,0.04761904761904745,0.9761904761904762,0.9761904761904762
503,vasc,transition,1.0,0.04761904761904745,0.9761904761904762,0.9761904761904762
504,peri,transition,1.0,0.09090909090909094,1.0,0.9090909090909091
505,endo,transition,1.0,0.31034482758620696,0.9310344827586207,0.7586206896551725
506,cortex,transition,1.0,0.09090909090909094,1.0,0.9090909090909091
507,epidermis,transition,0.16666666666666674,1.0,0.9166666666666666,0.9166666666666666
508,epidermis,transition,0.6666666666666667,1.0,0.6666666666666667,0.6666666666666667
509,cortex,transition,1.0,0.0,1.0,1.0
510,endo,transition,1.0,0.0,1.0,1.0
511,peri,transition,1.0,0.0,1.0,1.0
512,vasc,transition,1.0,0.0,1.0,1.0
513,vasc,transition,1.0,0.0,1.0,1.0
514,vasc,transition,1.0,0.0,1.0,1.0
515,vasc,transition,1.0,0.0,1.0,1.0
516,vasc,transition,1.0,0.0,1.0,1.0
517,vasc,transition,1.0,0.0,1.0,1.0
518,peri,transition,1.0,0.0,1.0,1.0
519,endo,transition,1.0,0.0,1.0,1.0
520,cortex,transition,1.0,0.0,1.0,1.0
521,epidermis,transition,0.6666666666666667,1.0,0.6666666666666667,0.6666666666666667
522,epidermis,transition,0.16666666666666674,1.0,0.9166666666666666,0.9166666666666666
523,cortex,transition,1.0,0.09090909090909094,1.0,0.9090909090909091
524,endo,transition,1.0,0.2592592592592593,1.0,0.7407407407407407
525,peri,transition,1.0,0.09090909090909094,1.0,0.9090909090909091
526,vasc,transition,1.0,0.04761904761904745,0.9761904761904762,0.9761904761904762
527,vasc,transition,1.0,0.04761904761904745,0.9761904761904762,0.9761904761904762
528,vasc,transition,1.0,0.04761904761904745,0.9761904761904762,0.9761904761904762
529,vasc,transition,1.0,0.04761904761904745,0.9761904761904762,0.9761904761904762
530,vasc,transition,1.0,0.04761904761904745,0.9761904761904762,0.9761904761904762
531,vasc,transition,1.0,0.04761904761904745,0.9761904761904762,0.9761904761904762
532,peri,transition,1.0,0.09090909090909094,1.0,0.9090909090909091
533,endo,transition,1.0,0.2592592592592593,1.0,0.7407407407407407
534,cortex,transition,1.0,0.09090909090909094,1.0,0.9090909090909091
535,epidermis,transition,0.16666666666666674,1.0,0.9166666666666666,0.9166666666666666
536,epidermis,transition,0.6666666666666667,1.0,0.6666666666666667,0.6666666666666667
537,cortex,transition,1.0,0.0,1.0,1.0
538,endo,transition,1.0,0.0,1.0,1.0
539,peri,transition,1.0,0.0,1.0,1.0
540,vasc,transition,1.0,0.0,1.0,1.0
541,vasc,transition,1.0,0.0,1.0,1.0
542,vasc,transition,1.0,0.0,1.0,1.0
543,vasc,transition,1.0,0.0,1.0,1.0
544,vasc,transition,1.0,0.0,1.0,1.0
545,vasc,transition,1.0,0.0,1.0,1.0
546,peri,transition,1.0,0.0,1.0,1.0
547,endo,transition,1.0,0.0,1.0,1.0
548,cortex,transition,1.0,0.0,1.0,1.0
549,epidermis,transition,0.6666666666666667,1.0,0.6666666666666667,0.6666666666666667
550,epidermis,transition,0.16666666666666674,1.0,0.9166666666666666,0.9166666666666666
551,cortex,transition,1.0,0.09090909090909094,1.0,0.9090909090909091
552,endo,transition,1.0,0.2592592592592593,1.0,0.7407407407407407
553,peri,transition,1.0,0.09090909090909094,1.0,0.9090909090909091
554,vasc,transition,1.0,0.04761904761904745,0.9761904761904762,0.9761904761904762
555,vasc,transition,1.0,0.04761904761904745,0.9761904761904762,0.9761904761904762
556,vasc,transition,1.0,0.04761904761904745,0.9761904761904762,0.9761904761904762
557,vasc,transition,1.0,0.04761904761904745,0.9761904761904762,0.9761904761904762
558,vasc,transition,1.0,0.04761904761904745,0.9761904761904762,0.9761904761904762
559,vasc,transition,1.0,0.04761904761904745,0.9761904761904762,0.9761904761904762
560,peri,transition,1.0,0.09090909090909094,1.0,0.9090909090909091
561,endo,transition,1.0,0.2592592592592593,1.0,0.7407407407407407
562,cortex,transition,1.0,0.09090909090909094,1.0,0.9090909090909091
563,epidermis,transition,0.16666666666666674,1.0,0.9166666666666666,0.9166666666666666
564,epidermis,transition,0.6666666666666667,1.0,0.6666666666666667,0.6666666666666667
565,cortex,transition,1.0,0.0,1.0,1.0
566,endo,transition,1.0,0.0,1.0,1.0
567,peri,transition,1.0,0.0,1.0,1.0
568,vasc,transition,1.0,0.0,1.0,1.0
569,vasc,transition,1.0,0.0,1.0,1.0
570,vasc,transition,1.0,0.0,1.0,1.0
571,vasc,transition,1.0,0.0,1.0,1.0
572,vasc,transition,1.0,0.0,1.0,1.0
573,vasc,transition,1.0,0.0,1.0,1.0
574,peri,transition,1.0,0.0,1.0,1.0
575,endo,transition,1.0,0.0,1.0,1.0
576,cortex,transition,1.0,0.0,1.0,1.0
577,epidermis,transition,0.6666666666666667,1.0,0.6666666666666667,0.6666666666666667
578,epidermis,transition,0.16666666666666674,1.0,0.9166666666666666,0.9166666666666666
579,cortex,transition,1.0,0.09090909090909094,1.0,0.9090909090909091
580,endo,transition,1.0,0.2592592592592593,1.0,0.7407407407407407
581,peri,transition,1.0,0.09090909090909094,1.0,0.9090909090909091
582,vasc,transition,1.0,0.04761904761904745,0.9761904761904762,0.9761904761904762
583,vasc,transition,1.0,0.04761904761904745,0.9761904761904762,0.9761904761904762
584,vasc,transition,1.0,0.04761904761904745,0.9761904761904762,0.9761904761904762
585,vasc,transition,1.0,0.04761904761904745,0.9761904761904762,0.9761904761904762
586,vasc,transition,1.0,0.04761904761904745,0.9761904761904762,0.9761904761904762
587,vasc,transition,1.0,0.04761904761904745,0.9761904761904762,0.9761904761904762
588,peri,transition,1.0,0.09090909090909094,1.0,0.9090909090909091
589,endo,transition,1.0,0.2592592592592593,1.0,0.7407407407407407
590,cortex,transition,1.0,0.09090909090909094,1.0,0.9090909090909091
591,epidermis,transition,0.16666666666666674,1.0,0.9166666666666666,0.9166666666666666
592,epidermis,transition,0.6666666666666667,1.0,0.6666666666666667,0.6666666666666667
593,cortex,transition,1.0,0.0,1.0,1.0
594,endo,transition,1.0,0.0,1.0,1.0
595,peri,transition,1.0,0.0,1.0,1.0
596,vasc,transition,1.0,0.0,1.0,1.0
597,vasc,transition,1.0,0.0,1.0,1.0
598,vasc,transition,1.0,0.0,1.0,1.0
599,vasc,transition,1.0,0.0,1.0,1.0
600,vasc,transition,1.0,0.0,1.0,1.0
601,vasc,transition,1.0,0.0,1.0,1.0
602,peri,transition,1.0,0.0,1.0,1.0
603,endo,transition,1.0,0.0,1.0,1.0
604,cortex,transition,1.0,0.0,1.0,1.0
605,epidermis,transition,0.6666666666666667,1.0,0.6666666666666667,0.6666666666666667
606,epidermis,transition,0.16666666666666674,1.0,0.9166666666666666,0.9166666666666666
607,cortex,transition,1.0,0.09090909090909094,1.0,0.9090909090909091
608,endo,transition,1.0,0.2592592592592593,1.0,0.7407407407407407
609,peri,transition,1.0,0.09090909090909094,1.0,0.9090909090909091
610,vasc,transition,1.0,0.04761904761904745,0.9761904761904762,0.9761904761904762
611,vasc,transition,1.0,0.04761904761904745,0.9761904761904762,0.9761904761904762
612,vasc,transition,1.0,0.04761904761904745,0.9761904761904762,0.9761904761904762
613,vasc,transition,1.0,0.04761904761904745,0.9761904761904762,0.9761904761904762
614,vasc,transition,1.0,0.04761904761904745,0.9761904761904762,0.9761904761904762
615,vasc,transition,1.0,0.04761904761904745,0.9761904761904762,0.9761904761904762
616,peri,transition,1.0,0.09090909090909094,1.0,0.9090909090909091
617,endo,transition,1.0,0.2592592592592593,1.0,0.7407407407407407
618,cortex,transition,1.0,0.09090909090909094,1.0,0.9090909090909091
619,epidermis,transition,0.16666666666666674,1.0,0.9166666666666666,0.9166666666666666
620,epidermis,transition,0.6666666666666667,1.0,0.6666666666666667,0.6666666666666667
621,cortex,transition,1.0,0.0,1.0,1.0
622,endo,transition,1.0,0.0,1.0,1.0
623,peri,transition,1.0,0.0,1.0,1.0
624,vasc,transition,1.0,0.0,1.0,1.0
625,vasc,transition,1.0,0.0,1.0,1.0
626,vasc,transition,1.0,0.0,1.0,1.0
627,vasc,transition,1.0,0.0,1.0,1.0
628,vasc,transition,1.0,0.0,1.0,1.0
629,vasc,transition,1.0,0.0,1.0,1.0
630,peri,transition,1.0,0.0,1.0,1.0
631,endo,transition,1.0,0.0,1.0,1.0
632,cortex,transition,1.0,0.0,1.0,1.0
633,epidermis,transition,0.6666666666666667,1.0,0.6666666666666667,0.6666666666666667
634,epidermis,transition,0.09090909090909094,1.0,1.0,0.9090909090909091
635,cortex,transition,0.09090909090909094,1.0,1.0,0.9090909090909091
636,endo,transition,1.0,0.2592592592592593,1.0,0.7407407407407407
637,peri,transition,1.0,0.16666666666666674,0.9166666666666666,0.9166666666666666
638,vasc,transition,1.0,0.09502262443438914,0.9524886877828054,0.9524886877828054
639,vasc,transition,1.0,0.09502262443438914,0.9524886877828054,0.9524886877828054
640,vasc,transition,1.0,0.09502262443438914,0.9524886877828054,0.9524886877828054
641,vasc,transition,1.0,0.09502262443438914,0.9524886877828054,0.9524886877828054
642,vasc,transition,1.0,0.09502262443438914,0.9524886877828054,0.9524886877828054
643,vasc,transition,1.0,0.09502262443438914,0.9524886877828054,0.9524886877828054
644,peri,transition,1.0,0.16666666666666674,0.9166666666666666,0.9166666666666666
645,endo,transition,1.0,0.2592592592592593,1.0,0.7407407407407407
646,cortex,transition,0.09090909090909094,1.0,1.0,0.9090909090909091
647,epidermis,transition,0.09090909090909094,1.0,1.0,0.9090909090909091
648,epidermis,transition,0.09090909090909094,1.0,1.0,0.9090909090909091
649,cortex,transition,0.09090909090909094,1.0,1.0,0.9090909090909091
650,endo,transition,1.0,0.2592592592592593,1.0,0.7407407407407407
651,peri,transition,1.0,0.16666666666666674,0.9166666666666666,0.9166666666666666
652,vasc,transition,1.0,0.09502262443438914,0.9524886877828054,0.9524886877828054
653,vasc,transition,1.0,0.09502262443438914,0.9524886877828054,0.9524886877828054
654,vasc,transition,1.0,0.09502262443438914,0.9524886877828054,0.9524886877828054
655,vasc,transition,1.0,0.09502262443438914,0.9524886877828054,0.9524886877828054
656,vasc,transition,1.0,0.09502262443438914,0.9524886877828054,0.9524886877828054
657,vasc,transition,1.0,0.09502262443438914,0.9524886877828054,0.9524886877828054
658,peri,transition,1.0,0.16666666666666674,0.9166666666666666,0.9166666666666666
659,endo,transition,1.0,0.2592592592592593,1.0,0.7407407407407407
660,cortex,transition,0.09090909090909094,1.0,1.0,0.9090909090909091
661,epidermis,transition,0.09090909090909094,1.0,1.0,0.9090909090909091
662,epidermis,transition,0.09090909090909094,1.0,1.0,0.9090909090909091
663,cortex,transition,0.09090909090909094,1.0,1.0,0.9090909090909091
664,endo,transition,1.0,0.2592592592592593,1.0,0.7407407407407407
665,peri,transition,1.0,0.16666666666666674,0.9166666666666666,0.9166666666666666
666,vasc,transition,1.0,0.09502262443438914,0.9524886877828054,0.9524886877828054
667,vasc,transition,1.0,0.09502262443438914,0.9524886877828054,0.9524886877828054
668,vasc,transition,1.0,0.09502262443438914,0.9524886877828054,0.9524886877828054
669,vasc,transition,1.0,0.09502262443438914,0.9524886877828054,0.9524886877828054
670,vasc,transition,1.0,0.09502262443438914,0.9524886877828054,0.9524886877828054
671,vasc,transition,1.0,0.09502262443438914,0.9524886877828054,0.9524886877828054
672,peri,transition,1.0,0.16666666666666674,0.9166666666666666,0.9166666666666666
673,endo,transition,1.0,0.2592592592592593,1.0,0.7407407407407407
674,cortex,transition,0.09090909090909094,1.0,1.0,0.9090909090909091
675,epidermis,transition,0.09090909090909094,1.0,1.0,0.9090909090909091
676,epidermis,transition,0.09090909090909094,1.0,1.0,0.9090909090909091
677,cortex,transition,0.09090909090909094,1.0,1.0,0.9090909090909091
678,endo,transition,1.0,0.2592592592592593,1.0,0.7407407407407407
679,peri,transition,1.0,0.16666666666666674,0.9166666666666666,0.9166666666666666
680,vasc,transition,1.0,0.09502262443438914,0.9524886877828054,0.9524886877828054
681,vasc,transition,1.0,0.09502262443438914,0.9524886877828054,0.9524886877828054
682,vasc,transition,1.0,0.09502262443438914,0.9524886877828054,0.9524886877828054
683,vasc,transition,1.0,0.09502262443438914,0.9524886877828054,0.9524886877828054
684,vasc,transition,1.0,0.09502262443438914,0.9524886877828054,0.9524886877828054
685,vasc,transition,1.0,0.09502262443438914,0.9524886877828054,0.9524886877828054
686,peri,transition,1.0,0.16666666666666674,0.9166666666666666,0.9166666666666666
687,endo,transition,1.0,0.2592592592592593,1.0,0.7407407407407407
688,cortex,transition,0.09090909090909094,1.0,1.0,0.9090909090909091
689,epidermis,transition,0.09090909090909094,1.0,1.0,0.9090909090909091
690,epidermis,elongation,0.09090909090909094,1.0,1.0,0.9090909090909091
691,cortex,elongation,0.09090909090909094,1.0,1.0,0.9090909090909091
692,endo,elongation,1.0,0.2592592592592593,1.0,0.7407407407407407
693,peri,elongation,1.0,0.16666666666666674,0.9166666666666666,0.9166666666666666
694,vasc,elongation,1.0,0.09502262443438914,0.9524886877828054,0.9524886877828054
695,vasc,elongation,1.0,0.09502262443438914,0.9524886877828054,0.9524886877828054
696,vasc,elongation,1.0,0.09502262443438914,0.9524886877828054,0.9524886877828054
697,vasc,elongation,1.0,0.09502262443438914,0.9524886877828054,0.9524886877828054
698,vasc,elongation,1.0,0.09502262443438914,0.9524886877828054,0.9524886877828054
699,vasc,elongation,1.0,0.09502262443438914,0.9524886877828054,0.9524886877828054
700,peri,elongation,1.0,0.16666666666666674,0.9166666666666666,0.9166666666666666
701,endo,elongation,1.0,0.2592592592592593,1.0,0.7407407407407407
702,cortex,elongation,0.09090909090909094,1.0,1.0,0.9090909090909091
703,epidermis,elongation,0.09090909090909094,1.0,1.0,0.9090909090909091
704,epidermis,elongation,0.09090909090909094,1.0,1.0,0.9090909090909091
705,cortex,elongation,0.09090909090909094,1.0,1.0,0.9090909090909091
706,endo,elongation,1.0,0.2592592592592593,1.0,0.7407407407407407
707,peri,elongation,1.0,0.16666666666666674,0.9166666666666666,0.9166666666666666
708,vasc,elongation,1.0,0.09502262443438914,0.9524886877828054,0.9524886877828054
709,vasc,elongation,1.0,0.09502262443438914,0.9524886877828054,0.9524886877828054
710,vasc,elongation,1.0,0.09502262443438914,0.9524886877828054,0.9524886877828054
711,vasc,elongation,1.0,0.09502262443438914,0.9524886877828054,0.9524886877828054
712,vasc,elongation,1.0,0.09502262443438914,0.9524886877828054,0.9524886877828054
713,vasc,elongation,1.0,0.09502262443438914,0.9524886877828054,0.9524886877828054
714,peri,elongation,1.0,0.16666666666666674,0.9166666666666666,0.9166666666666666
715,endo,elongation,1.0,0.2592592592592593,1.0,0.7407407407407407
716,cortex,elongation,0.09090909090909094,1.0,1.0,0.9090909090909091
717,epidermis,elongation,0.09090909090909094,1.0,1.0,0.9090909090909091
718,epidermis,elongation,0.09090909090909094,1.0,1.0,0.9090909090909091
719,cortex,elongation,0.09090909090909094,1.0,1.0,0.9090909090909091
720,endo,elongation,1.0,0.2592592592592593,1.0,0.7407407407407407
721,peri,elongation,1.0,0.16666666666666674,0.9166666666666666,0.9166666666666666
722,vasc,elongation,1.0,0.09502262443438914,0.9524886877828054,0.9524886877828054
723,vasc,elongation,1.0,0.09502262443438914,0.9524886877828054,0.9524886877828054
724,vasc,elongation,1.0,0.09502262443438914,0.9524886877828054,0.9524886877828054
725,vasc,elongation,1.0,0.09502262443438914,0.9524886877828054,0.9524886877828054
726,vasc,elongation,1.0,0.09502262443438914,0.9524886877828054,0.9524886877828054
727,vasc,elongation,1.0,0.09502262443438914,0.9524886877828054,0.9524886877828054
728,peri,elongation,1.0,0.16666666666666674,0.9166666666666666,0.9166666666666666
729,endo,elongation,1.0,0.2592592592592593,1.0,0.7407407407407407
730,cortex,elongation,0.09090909090909094,1.0,1.0,0.9090909090909091
731,epidermis,elongation,0.09090909090909094,1.0,1.0,0.9090909090909091
732,epidermis,elongation,0.09090909090909094,1.0,1.0,0.9090909090909091
733,cortex,elongation,0.09090909090909094,1.0,1.0,0.9090909090909091
734,endo,elongation,1.0,0.2592592592592593,1.0,0.7407407407407407
735,peri,elongation,1.0,0.16666666666666674,0.9166666666666666,0.9166666666666666
736,vasc,elongation,1.0,0.09502262443438914,0.9524886877828054,0.9524886877828054
737,vasc,elongation,1.0,0.09502262443438914,0.9524886877828054,0.9524886877828054
738,vasc,elongation,1.0,0.09502262443438914,0.9524886877828054,0.9524886877828054
739,vasc,elongation,1.0,0.09502262443438914,0.9524886877828054,0.9524886877828054
740,vasc,elongation,1.0,0.09502262443438914,0.9524886877828054,0.9524886877828054
741,vasc,elongation,1.0,0.09502262443438914,0.9524886877828054,0.9524886877828054
742,peri,elongation,1.0,0.16666666666666674,0.9166666666666666,0.9166666666666666
743,endo,elongation,1.0,0.2592592592592593,1.0,0.7407407407407407
744,cortex,elongation,0.09090909090909094,1.0,1.0,0.9090909090909091
745,epidermis,elongation,0.09090909090909094,1.0,1.0,0.9090909090909091
746,epidermis,differentiation,0.2222222222222222,1.0,1.0,0.7777777777777777
747,cortex,differentiation,0.2222222222222222,1.0,1.0,0.7777777777777777
748,endo,differentiation,1.0,0.2592592592592593,1.0,0.7407407407407407
749,peri,differentiation,1.0,0.16666666666666674,0.9166666666666666,0.9166666666666666
750,vasc,differentiation,1.0,0.09502262443438914,0.9524886877828054,0.9524886877828054
751,vasc,differentiation,1.0,0.09502262443438914,0.9524886877828054,0.9524886877828054
752,vasc,differentiation,1.0,0.09502262443438914,0.9524886877828054,0.9524886877828054
753,vasc,differentiation,1.0,0.09502262443438914,0.9524886877828054,0.9524886877828054
754,vasc,differentiation,1.0,0.09502262443438914,0.9524886877828054,0.9524886877828054
755,vasc,differentiation,1.0,0.09502262443438914,0.9524886877828054,0.9524886877828054
756,peri,differentiation,1.0,0.16666666666666674,0.9166666666666666,0.9166666666666666
757,endo,differentiation,1.0,0.2592592592592593,1.0,0.7407407407407407
758,cortex,differentiation,0.2222222222222222,1.0,1.0,0.7777777777777777
759,epidermis,differentiation,0.2222222222222222,1.0,1.0,0.7777777777777777
760,epidermis,differentiation,0.2222222222222222,1.0,1.0,0.7777777777777777
761,cortex,differentiation,0.2222222222222222,1.0,1.0,0.7777777777777777
762,endo,differentiation,1.0,0.2592592592592593,1.0,0.7407407407407407
763,peri,differentiation,1.0,0.16666666666666674,0.9166666666666666,0.9166666666666666
764,vasc,differentiation,1.0,0.09502262443438914,0.9524886877828054,0.9524886877828054
765,vasc,differentiation,1.0,0.09502262443438914,0.9524886877828054,0.9524886877828054
766,vasc,differentiation,1.0,0.09502262443438914,0.9524886877828054,0.9524886877828054
767,vasc,differentiation,1.0,0.09502262443438914,0.9524886877828054,0.9524886877828054
768,vasc,differentiation,1.0,0.09502262443438914,0.9524886877828054,0.9524886877828054
769,vasc,differentiation,1.0,0.09502262443438914,0.9524886877828054,0.9524886877828054
770,peri,differentiation,1.0,0.16666666666666674,0.9166666666666666,0.9166666666666666
771,endo,differentiation,1.0,0.2592592592592593,1.0,0.7407407407407407
772,cortex,differentiation,0.2222222222222222,1.0,1.0,0.7777777777777777
773,epidermis,differentiation,0.2222222222222222,1.0,1.0,0.7777777777777777
774,epidermis,differentiation,0.2222222222222222,1.0,1.0,0.7777777777777777
775,cortex,differentiation,0.2222222222222222,1.0,1.0,0.7777777777777777
776,endo,differentiation,1.0,0.2592592592592593,1.0,0.7407407407407407
777,peri,differentiation,1.0,0.16666666666666674,0.9166666666666666,0.9166666666666666
778,vasc,differentiation,1.0,0.09502262443438914,0.9524886877828054,0.9524886877828054
779,vasc,differentiation,1.0,0.09502262443438914,0.9524886877828054,0.9524886877828054
780,vasc,differentiation,1.0,0.09502262443438914,0.9524886877828054,0.9524886877828054
781,vasc,differentiation,1.0,0.09502262443438914,0.9524886877828054,0.9524886877828054
782,vasc,differentiation,1.0,0.09502262443438914,0.9524886877828054,0.9524886877828054
783,vasc,differentiation,1.0,0.09502262443438914,0.9524886877828054,0.9524886877828054
784,peri,differentiation,1.0,0.16666666666666674,0.9166666666666666,0.9166666666666666
785,endo,differentiation,1.0,0.2592592592592593,1.0,0.7407407407407407
786,cortex,differentiation,0.2222222222222222,1.0,1.0,0.7777777777777777
787,epidermis,differentiation,0.2222222222222222,1.0,1.0,0.7777777777777777
788,epidermis,differentiation,0.2222222222222222,1.0,1.0,0.7777777777777777
789,cortex,differentiation,0.2222222222222222,1.0,1.0,0.7777777777777777
790,endo,differentiation,1.0,0.2592592592592593,1.0,0.7407407407407407
791,peri,differentiation,1.0,0.16666666666666674,0.9166666666666666,0.9166666666666666
792,vasc,differentiation,1.0,0.09502262443438914,0.9524886877828054,0.9524886877828054
793,vasc,differentiation,1.0,0.09502262443438914,0.9524886877828054,0.9524886877828054
794,vasc,differentiation,1.0,0.09502262443438914,0.9524886877828054,0.9524886877828054
795,vasc,differentiation,1.0,0.09502262443438914,0.9524886877828054,0.9524886877828054
796,vasc,differentiation,1.0,0.09502262443438914,0.9524886877828054,0.9524886877828054
797,vasc,differentiation,1.0,0.09502262443438914,0.9524886877828054,0.9524886877828054
798,peri,differentiation,1.0,0.16666666666666674,0.9166666666666666,0.9166666666666666
799,endo,differentiation,1.0,0.2592592592592593,1.0,0.7407407407407407
800,cortex,differentiation,0.2222222222222222,1.0,1.0,0.7777777777777777
801,epidermis,differentiation,0.2222222222222222,1.0,1.0,0.7777777777777777
802,epidermis,differentiation,0.2222222222222222,1.0,1.0,0.7777777777777777
803,cortex,differentiation,0.2222222222222222,1.0,1.0,0.7777777777777777
804,endo,differentiation,1.0,0.2592592592592593,1.0,0.7407407407407407
805,peri,differentiation,1.0,0.16666666666666674,0.9166666666666666,0.9166666666666666
806,vasc,differentiation,1.0,0.09502262443438914,0.9524886877828054,0.9524886877828054
807,vasc,differentiation,1.0,0.09502262443438914,0.9524886877828054,0.9524886877828054
808,vasc,differentiation,1.0,0.09502262443438914,0.9524886877828054,0.9524886877828054
809,vasc,differentiation,1.0,0.09502262443438914,0.9524886877828054,0.9524886877828054
810,vasc,differentiation,1.0,0.09502262443438914,0.9524886877828054,0.9524886877828054
811,vasc,differentiation,1.0,0.09502262443438914,0.9524886877828054,0.9524886877828054
812,peri,differentiation,1.0,0.16666666666666674,0.9166666666666666,0.9166666666666666
813,endo,differentiation,1.0,0.2592592592592593,1.0,0.7407407407407407
814,cortex,differentiation,0.2222222222222222,1.0,1.0,0.7777777777777777
815,epidermis,differentiation,0.2222222222222222,1.0,1.0,0.7777777777777777
816,epidermis,differentiation,0.2222222222222222,1.0,1.0,0.7777777777777777
817,cortex,differentiation,0.2222222222222222,1.0,1.0,0.7777777777777777
818,endo,differentiation,1.0,0.2592592592592593,1.0,0.7407407407407407
819,peri,differentiation,1.0,0.16666666666666674,0.9166666666666666,0.9166666666666666
820,vasc,differentiation,1.0,0.09502262443438914,0.9524886877828054,0.9524886877828054
821,vasc,differentiation,1.0,0.09502262443438914,0.9524886877828054,0.9524886877828054
822,vasc,differentiation,1.0,0.09502262443438914,0.9524886877828054,0.9524886877828054
823,vasc,differentiation,1.0,0.09502262443438914,0.9524886877828054,0.9524886877828054
824,vasc,differentiation,1.0,0.09502262443438914,0.9524886877828054,0.9524886877828054
825,vasc,differentiation,1.0,0.09502262443438914,0.9524886877828054,0.9524886877828054
826,peri,differentiation,1.0,0.16666666666666674,0.9166666666666666,0.9166666666666666
827,endo,differentiation,1.0,0.2592592592592593,1.0,0.7407407407407407
828,cortex,differentiation,0.2222222222222222,1.0,1.0,0.7777777777777777
829,epidermis,differentiation,0.2222222222222222,1.0,1.0,0.7777777777777777
