al,pin,pina,pinb,pinl,pinm,auxin_w,y_dist_from_roottip,centroid
1,0.375,0.5,0.0,0.5,0.5,10,11.75,"(63.5, 22.75)"
1,0.375,0.5,0.0,0.5,0.5,10,11.75,"(78.5, 22.75)"
1,0.375,0.5,0.0,0.5,0.5,10,18.75,"(49.75, 29.75)"
1,0.375,0.5,0.0,0.5,0.5,10,18.75,"(92.25, 29.75)"
1,0.625,1.5,0.0,0.5,0.5,10,35.0,"(38.25, 46.0)"
1,0.625,1.5,0.0,0.5,0.5,10,35.0,"(103.75, 46.0)"
1,0.8125,0.75,1.0,0.75,0.75,15,30.25,"(65.25, 41.25)"
1,0.8125,0.75,1.0,0.75,0.75,15,30.25,"(76.75, 41.25)"
1,0.8125,0.75,1.0,0.75,0.75,15,33.5,"(54.25, 44.5)"
1,0.8125,0.75,1.0,0.75,0.75,15,33.5,"(87.75, 44.5)"
1,0.4,1.5,0.0,0.05,0.05,10,43.0,"(43.5, 54.0)"
1,0.4,1.5,0.0,0.05,0.05,10,43.0,"(98.5, 54.0)"
1,0.8125,0.75,1.0,0.75,0.75,15,45.0,"(57.75, 56.0)"
1,0.8125,0.75,1.0,0.75,0.75,15,43.5,"(66.75, 54.5)"
1,0.8125,0.75,1.0,0.75,0.75,15,43.5,"(75.25, 54.5)"
1,0.8125,0.75,1.0,0.75,0.75,15,45.0,"(84.25, 56.0)"
1,0.4,1.5,0.0,0.05,0.05,10,53.0,"(30.5, 64.0)"
1,0.4,1.5,0.0,0.05,0.05,10,49.5,"(47.25, 60.5)"
1,0.4,1.5,0.0,0.05,0.05,10,49.5,"(94.75, 60.5)"
1,0.4,1.5,0.0,0.05,0.05,10,53.0,"(111.5, 64.0)"
1,0.4,1.5,0.0,0.05,0.05,10,58.0,"(37.0, 69.0)"
1,0.8125,0.75,1.0,0.75,0.75,15,52.5,"(60.25, 63.5)"
1,0.8125,0.75,1.0,0.75,0.75,15,52.0,"(67.75, 63.0)"
1,0.8125,0.75,1.0,0.75,0.75,15,52.0,"(74.25, 63.0)"
1,0.8125,0.75,1.0,0.75,0.75,15,52.5,"(81.75, 63.5)"
1,0.4,1.5,0.0,0.05,0.05,10,58.0,"(105.0, 69.0)"
1,0.4,1.5,0.0,0.05,0.05,1,54.5,"(50.0, 65.5)"
1,0.4,1.5,0.0,0.05,0.05,1,54.5,"(92.0, 65.5)"
1,0.675,0.5,0.5,1.0,0.7,1,59.25,"(53.25, 70.25)"
1,0.9375,1.0,1.0,0.75,1.0,15,58.0,"(62.0, 69.0)"
1,0.875,0.75,1.0,0.75,1.0,15,58.0,"(68.25, 69.0)"
1,0.875,0.75,1.0,0.75,1.0,15,58.0,"(73.75, 69.0)"
1,0.9375,1.0,1.0,0.75,1.0,15,58.0,"(80.0, 69.0)"
1,0.675,0.5,0.5,1.0,0.7,1,59.25,"(88.75, 70.25)"
1,0.675,1.0,0.7,0.5,0.5,1,63.25,"(43.5, 74.25)"
1,0.675,1.0,0.7,0.5,0.5,1,63.25,"(98.5, 74.25)"
1,0.8375,3.0,0.0,0.05,0.3,10,67.5,"(27.0, 78.5)"
1,0.8375,3.0,0.0,0.05,0.3,10,67.5,"(115.0, 78.5)"
1,0.625,0.5,1.0,0.5,0.5,1,63.5,"(56.75, 74.5)"
1,0.875,1.0,1.0,0.5,1.0,15,64.5,"(64.25, 75.5)"
1,0.125,0.0,0.5,0.0,0.0,15,64.5,"(68.75, 75.5)"
1,0.125,0.0,0.5,0.0,0.0,15,64.5,"(73.25, 75.5)"
1,0.875,1.0,1.0,0.5,1.0,15,64.5,"(77.75, 75.5)"
1,0.625,0.5,1.0,0.5,0.5,1,63.5,"(85.25, 74.5)"
1,0.5,0.0,1.0,0.5,0.5,1,67.0,"(49.0, 78.0)"
1,0.5,0.0,1.0,0.5,0.5,1,67.0,"(93.0, 78.0)"
1,0.725,0.5,1.0,0.7,0.7,1,66.75,"(59.25, 77.75)"
1,0.725,0.5,1.0,0.7,0.7,1,66.75,"(82.75, 77.75)"
1,0.675,1.0,0.7,0.5,0.5,1,69.5,"(35.0, 80.5)"
1,0.675,1.0,0.7,0.5,0.5,1,69.5,"(107.0, 80.5)"
1,0.725,0.5,1.0,0.7,0.7,1,70.25,"(53.25, 81.25)"
1,0.725,0.5,1.0,0.7,0.7,1,70.25,"(88.75, 81.25)"
1,0.25,0.0,1.0,0.0,0.0,1,71.25,"(43.25, 82.25)"
1,0.6,0.0,1.0,0.7,0.7,1,70.75,"(58.5, 81.75)"
1,0.625,0.0,1.0,0.75,0.75,1,70.5,"(64.25, 81.5)"
1,0.625,0.0,1.0,0.75,0.75,50,70.5,"(69.0, 81.5)"
1,0.625,0.0,1.0,0.75,0.75,50,70.5,"(73.0, 81.5)"
1,0.625,0.0,1.0,0.75,0.75,1,70.5,"(77.75, 81.5)"
1,0.6,0.0,1.0,0.7,0.7,1,70.75,"(83.5, 81.75)"
1,0.25,0.0,1.0,0.0,0.0,1,71.25,"(98.75, 82.25)"
1,0.275,1.0,0.0,0.0,0.1,10,78.0,"(23.5, 89.0)"
1,0.3,1.0,0.0,0.1,0.1,1,75.5,"(31.0, 86.5)"
1,0.3,0.0,1.0,0.1,0.1,1,75.5,"(41.5, 86.5)"
1,0.4625,0.0,1.0,0.35,0.5,1,75.5,"(50.5, 86.5)"
1,0.4625,0.0,1.0,0.35,0.5,1,75.5,"(56.5, 86.5)"
1,0.45,0.0,1.0,0.4,0.4,1,75.5,"(61.0, 86.5)"
1,0.45,0.0,1.0,0.4,0.4,1,75.5,"(65.0, 86.5)"
1,0.45,0.0,1.0,0.4,0.4,1,75.5,"(69.0, 86.5)"
1,0.45,0.0,1.0,0.4,0.4,1,75.5,"(73.0, 86.5)"
1,0.45,0.0,1.0,0.4,0.4,1,75.5,"(77.0, 86.5)"
1,0.45,0.0,1.0,0.4,0.4,1,75.5,"(81.0, 86.5)"
1,0.4625,0.0,1.0,0.35,0.5,1,75.5,"(85.5, 86.5)"
1,0.4625,0.0,1.0,0.35,0.5,1,75.5,"(91.5, 86.5)"
1,0.3,0.0,1.0,0.1,0.1,1,75.5,"(100.5, 86.5)"
1,0.3,1.0,0.0,0.1,0.1,1,75.5,"(111.0, 86.5)"
1,0.275,1.0,0.0,0.0,0.1,10,78.0,"(118.5, 89.0)"
1,0.75,1.0,0.0,1.0,1.0,1,80.5,"(31.0, 91.5)"
1,0.25,0.0,1.0,0.0,0.0,1,80.5,"(41.5, 91.5)"
1,0.25,0.0,1.0,0.0,0.0,1,80.5,"(50.5, 91.5)"
1,0.25,0.0,1.0,0.0,0.0,1,80.5,"(56.5, 91.5)"
1,0.25,0.0,1.0,0.0,0.0,1,80.5,"(61.0, 91.5)"
1,0.25,0.0,1.0,0.0,0.0,1,80.5,"(65.0, 91.5)"
1,0.25,0.0,1.0,0.0,0.0,1,80.5,"(69.0, 91.5)"
1,0.25,0.0,1.0,0.0,0.0,1,80.5,"(73.0, 91.5)"
1,0.25,0.0,1.0,0.0,0.0,1,80.5,"(77.0, 91.5)"
1,0.25,0.0,1.0,0.0,0.0,1,80.5,"(81.0, 91.5)"
1,0.25,0.0,1.0,0.0,0.0,1,80.5,"(85.5, 91.5)"
1,0.25,0.0,1.0,0.0,0.0,1,80.5,"(91.5, 91.5)"
1,0.25,0.0,1.0,0.0,0.0,1,80.5,"(100.5, 91.5)"
1,0.75,1.0,0.0,1.0,1.0,1,80.5,"(111.0, 91.5)"
1,0.275,1.0,0.0,0.0,0.1,10,88.0,"(23.5, 99.0)"
1,0.35,1.0,0.0,0.3,0.1,1,85.5,"(31.0, 96.5)"
1,0.275,0.0,1.0,0.0,0.1,1,85.5,"(41.5, 96.5)"
1,0.3625,0.0,1.0,0.1,0.35,1,85.5,"(50.5, 96.5)"
1,0.275,0.0,1.0,0.0,0.1,1,85.5,"(56.5, 96.5)"
1,0.2625,0.0,1.0,0.025,0.025,1,85.5,"(61.0, 96.5)"
1,0.2625,0.0,1.0,0.025,0.025,1,85.5,"(65.0, 96.5)"
1,0.2625,0.0,1.0,0.025,0.025,1,85.5,"(69.0, 96.5)"
1,0.2625,0.0,1.0,0.025,0.025,1,85.5,"(73.0, 96.5)"
1,0.2625,0.0,1.0,0.025,0.025,1,85.5,"(77.0, 96.5)"
1,0.2625,0.0,1.0,0.025,0.025,1,85.5,"(81.0, 96.5)"
1,0.275,0.0,1.0,0.0,0.1,1,85.5,"(85.5, 96.5)"
1,0.3625,0.0,1.0,0.1,0.35,1,85.5,"(91.5, 96.5)"
1,0.275,0.0,1.0,0.0,0.1,1,85.5,"(100.5, 96.5)"
1,0.35,1.0,0.0,0.3,0.1,1,85.5,"(111.0, 96.5)"
1,0.275,1.0,0.0,0.0,0.1,10,88.0,"(118.5, 99.0)"
1,0.75,1.0,0.0,1.0,1.0,1,90.5,"(31.0, 101.5)"
1,0.25,0.0,1.0,0.0,0.0,1,90.5,"(41.5, 101.5)"
1,0.25,0.0,1.0,0.0,0.0,1,90.5,"(50.5, 101.5)"
1,0.25,0.0,1.0,0.0,0.0,1,90.5,"(56.5, 101.5)"
1,0.25,0.0,1.0,0.0,0.0,1,90.5,"(61.0, 101.5)"
1,0.25,0.0,1.0,0.0,0.0,1,90.5,"(65.0, 101.5)"
1,0.25,0.0,1.0,0.0,0.0,1,90.5,"(69.0, 101.5)"
1,0.25,0.0,1.0,0.0,0.0,1,90.5,"(73.0, 101.5)"
1,0.25,0.0,1.0,0.0,0.0,1,90.5,"(77.0, 101.5)"
1,0.25,0.0,1.0,0.0,0.0,1,90.5,"(81.0, 101.5)"
1,0.25,0.0,1.0,0.0,0.0,1,90.5,"(85.5, 101.5)"
1,0.25,0.0,1.0,0.0,0.0,1,90.5,"(91.5, 101.5)"
1,0.25,0.0,1.0,0.0,0.0,1,90.5,"(100.5, 101.5)"
1,0.75,1.0,0.0,1.0,1.0,1,90.5,"(111.0, 101.5)"
1,0.275,1.0,0.0,0.0,0.1,10,95.5,"(23.5, 106.5)"
1,0.35,1.0,0.0,0.3,0.1,1,95.5,"(31.0, 106.5)"
1,0.275,0.0,1.0,0.0,0.1,1,95.5,"(41.5, 106.5)"
1,0.3625,0.0,1.0,0.1,0.35,1,95.5,"(50.5, 106.5)"
1,0.275,0.0,1.0,0.0,0.1,1,95.5,"(56.5, 106.5)"
1,0.2625,0.0,1.0,0.025,0.025,1,95.5,"(61.0, 106.5)"
1,0.2625,0.0,1.0,0.025,0.025,1,95.5,"(65.0, 106.5)"
1,0.2625,0.0,1.0,0.025,0.025,1,95.5,"(69.0, 106.5)"
1,0.2625,0.0,1.0,0.025,0.025,1,95.5,"(73.0, 106.5)"
1,0.2625,0.0,1.0,0.025,0.025,1,95.5,"(77.0, 106.5)"
1,0.2625,0.0,1.0,0.025,0.025,1,95.5,"(81.0, 106.5)"
1,0.275,0.0,1.0,0.0,0.1,1,95.5,"(85.5, 106.5)"
1,0.3625,0.0,1.0,0.1,0.35,1,95.5,"(91.5, 106.5)"
1,0.275,0.0,1.0,0.0,0.1,1,95.5,"(100.5, 106.5)"
1,0.35,1.0,0.0,0.3,0.1,1,95.5,"(111.0, 106.5)"
1,0.275,1.0,0.0,0.0,0.1,10,95.5,"(118.5, 106.5)"
1,0.275,1.0,0.0,0.0,0.1,10,103.0,"(23.5, 114.0)"
1,0.75,1.0,0.0,1.0,1.0,1,100.5,"(31.0, 111.5)"
1,0.25,0.0,1.0,0.0,0.0,1,100.5,"(41.5, 111.5)"
1,0.25,0.0,1.0,0.0,0.0,1,100.5,"(50.5, 111.5)"
1,0.25,0.0,1.0,0.0,0.0,1,100.5,"(56.5, 111.5)"
1,0.25,0.0,1.0,0.0,0.0,1,100.5,"(61.0, 111.5)"
1,0.25,0.0,1.0,0.0,0.0,1,100.5,"(65.0, 111.5)"
1,0.25,0.0,1.0,0.0,0.0,1,100.5,"(69.0, 111.5)"
1,0.25,0.0,1.0,0.0,0.0,1,100.5,"(73.0, 111.5)"
1,0.25,0.0,1.0,0.0,0.0,1,100.5,"(77.0, 111.5)"
1,0.25,0.0,1.0,0.0,0.0,1,100.5,"(81.0, 111.5)"
1,0.25,0.0,1.0,0.0,0.0,1,100.5,"(85.5, 111.5)"
1,0.25,0.0,1.0,0.0,0.0,1,100.5,"(91.5, 111.5)"
1,0.25,0.0,1.0,0.0,0.0,1,100.5,"(100.5, 111.5)"
1,0.75,1.0,0.0,1.0,1.0,1,100.5,"(111.0, 111.5)"
1,0.275,1.0,0.0,0.0,0.1,10,103.0,"(118.5, 114.0)"
1,0.35,1.0,0.0,0.3,0.1,1,105.5,"(31.0, 116.5)"
1,0.275,0.0,1.0,0.0,0.1,1,105.5,"(41.5, 116.5)"
1,0.3625,0.0,1.0,0.1,0.35,1,105.5,"(50.5, 116.5)"
1,0.275,0.0,1.0,0.0,0.1,1,105.5,"(56.5, 116.5)"
1,0.2625,0.0,1.0,0.025,0.025,1,105.5,"(61.0, 116.5)"
1,0.2625,0.0,1.0,0.025,0.025,1,105.5,"(65.0, 116.5)"
1,0.2625,0.0,1.0,0.025,0.025,1,105.5,"(69.0, 116.5)"
1,0.2625,0.0,1.0,0.025,0.025,1,105.5,"(73.0, 116.5)"
1,0.2625,0.0,1.0,0.025,0.025,1,105.5,"(77.0, 116.5)"
1,0.2625,0.0,1.0,0.025,0.025,1,105.5,"(81.0, 116.5)"
1,0.275,0.0,1.0,0.0,0.1,1,105.5,"(85.5, 116.5)"
1,0.3625,0.0,1.0,0.1,0.35,1,105.5,"(91.5, 116.5)"
1,0.275,0.0,1.0,0.0,0.1,1,105.5,"(100.5, 116.5)"
1,0.35,1.0,0.0,0.3,0.1,1,105.5,"(111.0, 116.5)"
1,0.275,1.0,0.0,0.0,0.1,10,115.5,"(23.5, 126.5)"
1,0.75,1.0,0.0,1.0,1.0,1,110.5,"(31.0, 121.5)"
1,0.25,0.0,1.0,0.0,0.0,1,110.5,"(41.5, 121.5)"
1,0.25,0.0,1.0,0.0,0.0,1,110.5,"(50.5, 121.5)"
1,0.25,0.0,1.0,0.0,0.0,1,110.5,"(56.5, 121.5)"
1,0.25,0.0,1.0,0.0,0.0,1,110.5,"(61.0, 121.5)"
1,0.25,0.0,1.0,0.0,0.0,1,110.5,"(65.0, 121.5)"
1,0.25,0.0,1.0,0.0,0.0,1,110.5,"(69.0, 121.5)"
1,0.25,0.0,1.0,0.0,0.0,1,110.5,"(73.0, 121.5)"
1,0.25,0.0,1.0,0.0,0.0,1,110.5,"(77.0, 121.5)"
1,0.25,0.0,1.0,0.0,0.0,1,110.5,"(81.0, 121.5)"
1,0.25,0.0,1.0,0.0,0.0,1,110.5,"(85.5, 121.5)"
1,0.25,0.0,1.0,0.0,0.0,1,110.5,"(91.5, 121.5)"
1,0.25,0.0,1.0,0.0,0.0,1,110.5,"(100.5, 121.5)"
1,0.75,1.0,0.0,1.0,1.0,1,110.5,"(111.0, 121.5)"
1,0.275,1.0,0.0,0.0,0.1,10,115.5,"(118.5, 126.5)"
1,0.35,1.0,0.0,0.3,0.1,1,115.5,"(31.0, 126.5)"
1,0.275,0.0,1.0,0.0,0.1,1,115.5,"(41.5, 126.5)"
1,0.3625,0.0,1.0,0.1,0.35,1,115.5,"(50.5, 126.5)"
1,0.275,0.0,1.0,0.0,0.1,1,115.5,"(56.5, 126.5)"
1,0.2625,0.0,1.0,0.025,0.025,1,115.5,"(61.0, 126.5)"
1,0.2625,0.0,1.0,0.025,0.025,1,115.5,"(65.0, 126.5)"
1,0.2625,0.0,1.0,0.025,0.025,1,115.5,"(69.0, 126.5)"
1,0.2625,0.0,1.0,0.025,0.025,1,115.5,"(73.0, 126.5)"
1,0.2625,0.0,1.0,0.025,0.025,1,115.5,"(77.0, 126.5)"
1,0.2625,0.0,1.0,0.025,0.025,1,115.5,"(81.0, 126.5)"
1,0.275,0.0,1.0,0.0,0.1,1,115.5,"(85.5, 126.5)"
1,0.3625,0.0,1.0,0.1,0.35,1,115.5,"(91.5, 126.5)"
1,0.275,0.0,1.0,0.0,0.1,1,115.5,"(100.5, 126.5)"
1,0.35,1.0,0.0,0.3,0.1,1,115.5,"(111.0, 126.5)"
1,0.75,1.0,0.0,1.0,1.0,1,120.5,"(31.0, 131.5)"
1,0.25,0.0,1.0,0.0,0.0,1,120.5,"(41.5, 131.5)"
1,0.25,0.0,1.0,0.0,0.0,1,120.5,"(50.5, 131.5)"
1,0.25,0.0,1.0,0.0,0.0,1,120.5,"(56.5, 131.5)"
1,0.25,0.0,1.0,0.0,0.0,1,120.5,"(61.0, 131.5)"
1,0.25,0.0,1.0,0.0,0.0,1,120.5,"(65.0, 131.5)"
1,0.25,0.0,1.0,0.0,0.0,1,120.5,"(69.0, 131.5)"
1,0.25,0.0,1.0,0.0,0.0,1,120.5,"(73.0, 131.5)"
1,0.25,0.0,1.0,0.0,0.0,1,120.5,"(77.0, 131.5)"
1,0.25,0.0,1.0,0.0,0.0,1,120.5,"(81.0, 131.5)"
1,0.25,0.0,1.0,0.0,0.0,1,120.5,"(85.5, 131.5)"
1,0.25,0.0,1.0,0.0,0.0,1,120.5,"(91.5, 131.5)"
1,0.25,0.0,1.0,0.0,0.0,1,120.5,"(100.5, 131.5)"
1,0.75,1.0,0.0,1.0,1.0,1,120.5,"(111.0, 131.5)"
1,0.275,1.0,0.0,0.0,0.1,10,138.0,"(23.5, 149.0)"
1,0.3,1.0,0.0,0.1,0.1,1,125.5,"(31.0, 136.5)"
1,0.275,0.0,1.0,0.0,0.1,1,125.5,"(41.5, 136.5)"
1,0.3625,0.0,1.0,0.1,0.35,1,125.5,"(50.5, 136.5)"
1,0.275,0.0,1.0,0.0,0.1,1,125.5,"(56.5, 136.5)"
1,0.2625,0.0,1.0,0.025,0.025,1,125.5,"(61.0, 136.5)"
1,0.2625,0.0,1.0,0.025,0.025,1,125.5,"(65.0, 136.5)"
1,0.2625,0.0,1.0,0.025,0.025,1,125.5,"(69.0, 136.5)"
1,0.2625,0.0,1.0,0.025,0.025,1,125.5,"(73.0, 136.5)"
1,0.2625,0.0,1.0,0.025,0.025,1,125.5,"(77.0, 136.5)"
1,0.2625,0.0,1.0,0.025,0.025,1,125.5,"(81.0, 136.5)"
1,0.275,0.0,1.0,0.0,0.1,1,125.5,"(85.5, 136.5)"
1,0.3625,0.0,1.0,0.1,0.35,1,125.5,"(91.5, 136.5)"
1,0.275,0.0,1.0,0.0,0.1,1,125.5,"(100.5, 136.5)"
1,0.3,1.0,0.0,0.1,0.1,1,125.5,"(111.0, 136.5)"
1,0.275,1.0,0.0,0.0,0.1,10,138.0,"(118.5, 149.0)"
1,0.75,1.0,0.0,1.0,1.0,1,130.5,"(31.0, 141.5)"
1,0.25,0.0,1.0,0.0,0.0,1,130.5,"(41.5, 141.5)"
1,0.25,0.0,1.0,0.0,0.0,1,130.5,"(50.5, 141.5)"
1,0.25,0.0,1.0,0.0,0.0,1,130.5,"(56.5, 141.5)"
1,0.25,0.0,1.0,0.0,0.0,1,130.5,"(61.0, 141.5)"
1,0.25,0.0,1.0,0.0,0.0,1,130.5,"(65.0, 141.5)"
1,0.25,0.0,1.0,0.0,0.0,1,130.5,"(69.0, 141.5)"
1,0.25,0.0,1.0,0.0,0.0,1,130.5,"(73.0, 141.5)"
1,0.25,0.0,1.0,0.0,0.0,1,130.5,"(77.0, 141.5)"
1,0.25,0.0,1.0,0.0,0.0,1,130.5,"(81.0, 141.5)"
1,0.25,0.0,1.0,0.0,0.0,1,130.5,"(85.5, 141.5)"
1,0.25,0.0,1.0,0.0,0.0,1,130.5,"(91.5, 141.5)"
1,0.25,0.0,1.0,0.0,0.0,1,130.5,"(100.5, 141.5)"
1,0.75,1.0,0.0,1.0,1.0,1,130.5,"(111.0, 141.5)"
1,0.3,1.0,0.0,0.1,0.1,1,135.5,"(31.0, 146.5)"
1,0.275,0.0,1.0,0.0,0.1,1,135.5,"(41.5, 146.5)"
1,0.3625,0.0,1.0,0.1,0.35,1,135.5,"(50.5, 146.5)"
1,0.275,0.0,1.0,0.0,0.1,1,135.5,"(56.5, 146.5)"
1,0.2625,0.0,1.0,0.025,0.025,1,135.5,"(61.0, 146.5)"
1,0.2625,0.0,1.0,0.025,0.025,1,135.5,"(65.0, 146.5)"
1,0.2625,0.0,1.0,0.025,0.025,1,135.5,"(69.0, 146.5)"
1,0.2625,0.0,1.0,0.025,0.025,1,135.5,"(73.0, 146.5)"
1,0.2625,0.0,1.0,0.025,0.025,1,135.5,"(77.0, 146.5)"
1,0.2625,0.0,1.0,0.025,0.025,1,135.5,"(81.0, 146.5)"
1,0.275,0.0,1.0,0.0,0.1,1,135.5,"(85.5, 146.5)"
1,0.3625,0.0,1.0,0.1,0.35,1,135.5,"(91.5, 146.5)"
1,0.275,0.0,1.0,0.0,0.1,1,135.5,"(100.5, 146.5)"
1,0.3,1.0,0.0,0.1,0.1,1,135.5,"(111.0, 146.5)"
1,0.75,1.0,0.0,1.0,1.0,1,140.5,"(31.0, 151.5)"
1,0.25,0.0,1.0,0.0,0.0,1,140.5,"(41.5, 151.5)"
1,0.25,0.0,1.0,0.0,0.0,1,140.5,"(50.5, 151.5)"
1,0.25,0.0,1.0,0.0,0.0,1,140.5,"(56.5, 151.5)"
1,0.25,0.0,1.0,0.0,0.0,1,140.5,"(61.0, 151.5)"
1,0.25,0.0,1.0,0.0,0.0,1,140.5,"(65.0, 151.5)"
1,0.25,0.0,1.0,0.0,0.0,1,140.5,"(69.0, 151.5)"
1,0.25,0.0,1.0,0.0,0.0,1,140.5,"(73.0, 151.5)"
1,0.25,0.0,1.0,0.0,0.0,1,140.5,"(77.0, 151.5)"
1,0.25,0.0,1.0,0.0,0.0,1,140.5,"(81.0, 151.5)"
1,0.25,0.0,1.0,0.0,0.0,1,140.5,"(85.5, 151.5)"
1,0.25,0.0,1.0,0.0,0.0,1,140.5,"(91.5, 151.5)"
1,0.25,0.0,1.0,0.0,0.0,1,140.5,"(100.5, 151.5)"
1,0.75,1.0,0.0,1.0,1.0,1,140.5,"(111.0, 151.5)"
1,0.3,1.0,0.0,0.1,0.1,1,145.5,"(31.0, 156.5)"
1,0.275,0.0,1.0,0.0,0.1,1,145.5,"(41.5, 156.5)"
1,0.3625,0.0,1.0,0.1,0.35,1,145.5,"(50.5, 156.5)"
1,0.275,0.0,1.0,0.0,0.1,1,145.5,"(56.5, 156.5)"
1,0.2625,0.0,1.0,0.025,0.025,1,145.5,"(61.0, 156.5)"
1,0.2625,0.0,1.0,0.025,0.025,1,145.5,"(65.0, 156.5)"
1,0.2625,0.0,1.0,0.025,0.025,1,145.5,"(69.0, 156.5)"
1,0.2625,0.0,1.0,0.025,0.025,1,145.5,"(73.0, 156.5)"
1,0.2625,0.0,1.0,0.025,0.025,1,145.5,"(77.0, 156.5)"
1,0.2625,0.0,1.0,0.025,0.025,1,145.5,"(81.0, 156.5)"
1,0.275,0.0,1.0,0.0,0.1,1,145.5,"(85.5, 156.5)"
1,0.3625,0.0,1.0,0.1,0.35,1,145.5,"(91.5, 156.5)"
1,0.275,0.0,1.0,0.0,0.1,1,145.5,"(100.5, 156.5)"
1,0.3,1.0,0.0,0.1,0.1,1,145.5,"(111.0, 156.5)"
1,0.75,1.0,0.0,1.0,1.0,1,150.5,"(31.0, 161.5)"
1,0.25,0.0,1.0,0.0,0.0,1,150.5,"(41.5, 161.5)"
1,0.25,0.0,1.0,0.0,0.0,1,150.5,"(50.5, 161.5)"
1,0.25,0.0,1.0,0.0,0.0,1,150.5,"(56.5, 161.5)"
1,0.25,0.0,1.0,0.0,0.0,1,150.5,"(61.0, 161.5)"
1,0.25,0.0,1.0,0.0,0.0,1,150.5,"(65.0, 161.5)"
1,0.25,0.0,1.0,0.0,0.0,1,150.5,"(69.0, 161.5)"
1,0.25,0.0,1.0,0.0,0.0,1,150.5,"(73.0, 161.5)"
1,0.25,0.0,1.0,0.0,0.0,1,150.5,"(77.0, 161.5)"
1,0.25,0.0,1.0,0.0,0.0,1,150.5,"(81.0, 161.5)"
1,0.25,0.0,1.0,0.0,0.0,1,150.5,"(85.5, 161.5)"
1,0.25,0.0,1.0,0.0,0.0,1,150.5,"(91.5, 161.5)"
1,0.25,0.0,1.0,0.0,0.0,1,150.5,"(100.5, 161.5)"
1,0.75,1.0,0.0,1.0,1.0,1,150.5,"(111.0, 161.5)"
1,0.275,0.0,0.0,0.0,1.0,10,213.0,"(23.5, 224.0)"
1,0.3,1.0,0.0,0.1,0.1,1,155.5,"(31.0, 166.5)"
1,0.275,0.0,1.0,0.0,0.1,1,155.5,"(41.5, 166.5)"
1,0.3625,0.0,1.0,0.1,0.35,1,155.5,"(50.5, 166.5)"
1,0.275,0.0,1.0,0.0,0.1,1,155.5,"(56.5, 166.5)"
1,0.2625,0.0,1.0,0.025,0.025,1,155.5,"(61.0, 166.5)"
1,0.2625,0.0,1.0,0.025,0.025,1,155.5,"(65.0, 166.5)"
1,0.2625,0.0,1.0,0.025,0.025,1,155.5,"(69.0, 166.5)"
1,0.2625,0.0,1.0,0.025,0.025,1,155.5,"(73.0, 166.5)"
1,0.2625,0.0,1.0,0.025,0.025,1,155.5,"(77.0, 166.5)"
1,0.2625,0.0,1.0,0.025,0.025,1,155.5,"(81.0, 166.5)"
1,0.275,0.0,1.0,0.0,0.1,1,155.5,"(85.5, 166.5)"
1,0.3625,0.0,1.0,0.1,0.35,1,155.5,"(91.5, 166.5)"
1,0.275,0.0,1.0,0.0,0.1,1,155.5,"(100.5, 166.5)"
1,0.3,1.0,0.0,0.1,0.1,1,155.5,"(111.0, 166.5)"
1,0.275,0.0,0.0,0.0,1.0,10,213.0,"(118.5, 224.0)"
1,0.75,1.0,0.0,1.0,1.0,1,160.5,"(31.0, 171.5)"
1,0.25,0.0,1.0,0.0,0.0,1,160.5,"(41.5, 171.5)"
1,0.25,0.0,1.0,0.0,0.0,1,160.5,"(50.5, 171.5)"
1,0.25,0.0,1.0,0.0,0.0,1,160.5,"(56.5, 171.5)"
1,0.25,0.0,1.0,0.0,0.0,1,160.5,"(61.0, 171.5)"
1,0.25,0.0,1.0,0.0,0.0,1,160.5,"(65.0, 171.5)"
1,0.25,0.0,1.0,0.0,0.0,1,160.5,"(69.0, 171.5)"
1,0.25,0.0,1.0,0.0,0.0,1,160.5,"(73.0, 171.5)"
1,0.25,0.0,1.0,0.0,0.0,1,160.5,"(77.0, 171.5)"
1,0.25,0.0,1.0,0.0,0.0,1,160.5,"(81.0, 171.5)"
1,0.25,0.0,1.0,0.0,0.0,1,160.5,"(85.5, 171.5)"
1,0.25,0.0,1.0,0.0,0.0,1,160.5,"(91.5, 171.5)"
1,0.25,0.0,1.0,0.0,0.0,1,160.5,"(100.5, 171.5)"
1,0.75,1.0,0.0,1.0,1.0,1,160.5,"(111.0, 171.5)"
1,0.3,1.0,0.0,0.1,0.1,1,165.5,"(31.0, 176.5)"
1,0.275,0.0,1.0,0.0,0.1,1,165.5,"(41.5, 176.5)"
1,0.3625,0.0,1.0,0.1,0.35,1,165.5,"(50.5, 176.5)"
1,0.275,0.0,1.0,0.0,0.1,1,165.5,"(56.5, 176.5)"
1,0.2625,0.0,1.0,0.025,0.025,1,165.5,"(61.0, 176.5)"
1,0.2625,0.0,1.0,0.025,0.025,1,165.5,"(65.0, 176.5)"
1,0.2625,0.0,1.0,0.025,0.025,1,165.5,"(69.0, 176.5)"
1,0.2625,0.0,1.0,0.025,0.025,1,165.5,"(73.0, 176.5)"
1,0.2625,0.0,1.0,0.025,0.025,1,165.5,"(77.0, 176.5)"
1,0.2625,0.0,1.0,0.025,0.025,1,165.5,"(81.0, 176.5)"
1,0.275,0.0,1.0,0.0,0.1,1,165.5,"(85.5, 176.5)"
1,0.3625,0.0,1.0,0.1,0.35,1,165.5,"(91.5, 176.5)"
1,0.275,0.0,1.0,0.0,0.1,1,165.5,"(100.5, 176.5)"
1,0.3,1.0,0.0,0.1,0.1,1,165.5,"(111.0, 176.5)"
1,0.75,1.0,0.0,1.0,1.0,1,170.5,"(31.0, 181.5)"
1,0.25,0.0,1.0,0.0,0.0,1,170.5,"(41.5, 181.5)"
1,0.25,0.0,1.0,0.0,0.0,1,170.5,"(50.5, 181.5)"
1,0.25,0.0,1.0,0.0,0.0,1,170.5,"(56.5, 181.5)"
1,0.25,0.0,1.0,0.0,0.0,1,170.5,"(61.0, 181.5)"
1,0.25,0.0,1.0,0.0,0.0,1,170.5,"(65.0, 181.5)"
1,0.25,0.0,1.0,0.0,0.0,1,170.5,"(69.0, 181.5)"
1,0.25,0.0,1.0,0.0,0.0,1,170.5,"(73.0, 181.5)"
1,0.25,0.0,1.0,0.0,0.0,1,170.5,"(77.0, 181.5)"
1,0.25,0.0,1.0,0.0,0.0,1,170.5,"(81.0, 181.5)"
1,0.25,0.0,1.0,0.0,0.0,1,170.5,"(85.5, 181.5)"
1,0.25,0.0,1.0,0.0,0.0,1,170.5,"(91.5, 181.5)"
1,0.25,0.0,1.0,0.0,0.0,1,170.5,"(100.5, 181.5)"
1,0.75,1.0,0.0,1.0,1.0,1,170.5,"(111.0, 181.5)"
1,0.3,1.0,0.0,0.1,0.1,1,175.5,"(31.0, 186.5)"
1,0.275,0.0,1.0,0.0,0.1,1,175.5,"(41.5, 186.5)"
1,0.3625,0.0,1.0,0.1,0.35,1,175.5,"(50.5, 186.5)"
1,0.275,0.0,1.0,0.0,0.1,1,175.5,"(56.5, 186.5)"
1,0.2625,0.0,1.0,0.025,0.025,1,175.5,"(61.0, 186.5)"
1,0.2625,0.0,1.0,0.025,0.025,1,175.5,"(65.0, 186.5)"
1,0.2625,0.0,1.0,0.025,0.025,1,175.5,"(69.0, 186.5)"
1,0.2625,0.0,1.0,0.025,0.025,1,175.5,"(73.0, 186.5)"
1,0.2625,0.0,1.0,0.025,0.025,1,175.5,"(77.0, 186.5)"
1,0.2625,0.0,1.0,0.025,0.025,1,175.5,"(81.0, 186.5)"
1,0.275,0.0,1.0,0.0,0.1,1,175.5,"(85.5, 186.5)"
1,0.3625,0.0,1.0,0.1,0.35,1,175.5,"(91.5, 186.5)"
1,0.275,0.0,1.0,0.0,0.1,1,175.5,"(100.5, 186.5)"
1,0.3,1.0,0.0,0.1,0.1,1,175.5,"(111.0, 186.5)"
1,0.75,1.0,0.0,1.0,1.0,1,180.5,"(31.0, 191.5)"
1,0.25,0.0,1.0,0.0,0.0,1,180.5,"(41.5, 191.5)"
1,0.25,0.0,1.0,0.0,0.0,1,180.5,"(50.5, 191.5)"
1,0.25,0.0,1.0,0.0,0.0,1,180.5,"(56.5, 191.5)"
1,0.25,0.0,1.0,0.0,0.0,1,180.5,"(61.0, 191.5)"
1,0.25,0.0,1.0,0.0,0.0,1,180.5,"(65.0, 191.5)"
1,0.25,0.0,1.0,0.0,0.0,1,180.5,"(69.0, 191.5)"
1,0.25,0.0,1.0,0.0,0.0,1,180.5,"(73.0, 191.5)"
1,0.25,0.0,1.0,0.0,0.0,1,180.5,"(77.0, 191.5)"
1,0.25,0.0,1.0,0.0,0.0,1,180.5,"(81.0, 191.5)"
1,0.25,0.0,1.0,0.0,0.0,1,180.5,"(85.5, 191.5)"
1,0.25,0.0,1.0,0.0,0.0,1,180.5,"(91.5, 191.5)"
1,0.25,0.0,1.0,0.0,0.0,1,180.5,"(100.5, 191.5)"
1,0.75,1.0,0.0,1.0,1.0,1,180.5,"(111.0, 191.5)"
1,0.3,1.0,0.0,0.1,0.1,1,185.5,"(31.0, 196.5)"
1,0.275,0.0,1.0,0.0,0.1,1,185.5,"(41.5, 196.5)"
1,0.3625,0.0,1.0,0.1,0.35,1,185.5,"(50.5, 196.5)"
1,0.275,0.0,1.0,0.0,0.1,1,185.5,"(56.5, 196.5)"
1,0.2625,0.0,1.0,0.025,0.025,1,185.5,"(61.0, 196.5)"
1,0.2625,0.0,1.0,0.025,0.025,1,185.5,"(65.0, 196.5)"
1,0.2625,0.0,1.0,0.025,0.025,1,185.5,"(69.0, 196.5)"
1,0.2625,0.0,1.0,0.025,0.025,1,185.5,"(73.0, 196.5)"
1,0.2625,0.0,1.0,0.025,0.025,1,185.5,"(77.0, 196.5)"
1,0.2625,0.0,1.0,0.025,0.025,1,185.5,"(81.0, 196.5)"
1,0.275,0.0,1.0,0.0,0.1,1,185.5,"(85.5, 196.5)"
1,0.3625,0.0,1.0,0.1,0.35,1,185.5,"(91.5, 196.5)"
1,0.275,0.0,1.0,0.0,0.1,1,185.5,"(100.5, 196.5)"
1,0.3,1.0,0.0,0.1,0.1,1,185.5,"(111.0, 196.5)"
1,0.75,1.0,0.0,1.0,1.0,1,190.5,"(31.0, 201.5)"
1,0.25,0.0,1.0,0.0,0.0,1,190.5,"(41.5, 201.5)"
1,0.25,0.0,1.0,0.0,0.0,1,190.5,"(50.5, 201.5)"
1,0.25,0.0,1.0,0.0,0.0,1,190.5,"(56.5, 201.5)"
1,0.25,0.0,1.0,0.0,0.0,1,190.5,"(61.0, 201.5)"
1,0.25,0.0,1.0,0.0,0.0,1,190.5,"(65.0, 201.5)"
1,0.25,0.0,1.0,0.0,0.0,1,190.5,"(69.0, 201.5)"
1,0.25,0.0,1.0,0.0,0.0,1,190.5,"(73.0, 201.5)"
1,0.25,0.0,1.0,0.0,0.0,1,190.5,"(77.0, 201.5)"
1,0.25,0.0,1.0,0.0,0.0,1,190.5,"(81.0, 201.5)"
1,0.25,0.0,1.0,0.0,0.0,1,190.5,"(85.5, 201.5)"
1,0.25,0.0,1.0,0.0,0.0,1,190.5,"(91.5, 201.5)"
1,0.25,0.0,1.0,0.0,0.0,1,190.5,"(100.5, 201.5)"
1,0.75,1.0,0.0,1.0,1.0,1,190.5,"(111.0, 201.5)"
1,0.3,1.0,0.0,0.1,0.1,1,195.5,"(31.0, 206.5)"
1,0.275,0.0,1.0,0.0,0.1,1,195.5,"(41.5, 206.5)"
1,0.3625,0.0,1.0,0.1,0.35,1,195.5,"(50.5, 206.5)"
1,0.275,0.0,1.0,0.0,0.1,1,195.5,"(56.5, 206.5)"
1,0.2625,0.0,1.0,0.025,0.025,1,195.5,"(61.0, 206.5)"
1,0.2625,0.0,1.0,0.025,0.025,1,195.5,"(65.0, 206.5)"
1,0.2625,0.0,1.0,0.025,0.025,1,195.5,"(69.0, 206.5)"
1,0.2625,0.0,1.0,0.025,0.025,1,195.5,"(73.0, 206.5)"
1,0.2625,0.0,1.0,0.025,0.025,1,195.5,"(77.0, 206.5)"
1,0.2625,0.0,1.0,0.025,0.025,1,195.5,"(81.0, 206.5)"
1,0.275,0.0,1.0,0.0,0.1,1,195.5,"(85.5, 206.5)"
1,0.3625,0.0,1.0,0.1,0.35,1,195.5,"(91.5, 206.5)"
1,0.275,0.0,1.0,0.0,0.1,1,195.5,"(100.5, 206.5)"
1,0.3,1.0,0.0,0.1,0.1,1,195.5,"(111.0, 206.5)"
1,0.75,1.0,0.0,1.0,1.0,1,200.5,"(31.0, 211.5)"
1,0.25,0.0,1.0,0.0,0.0,1,200.5,"(41.5, 211.5)"
1,0.25,0.0,1.0,0.0,0.0,1,200.5,"(50.5, 211.5)"
1,0.25,0.0,1.0,0.0,0.0,1,200.5,"(56.5, 211.5)"
1,0.25,0.0,1.0,0.0,0.0,1,200.5,"(61.0, 211.5)"
1,0.25,0.0,1.0,0.0,0.0,1,200.5,"(65.0, 211.5)"
1,0.25,0.0,1.0,0.0,0.0,1,200.5,"(69.0, 211.5)"
1,0.25,0.0,1.0,0.0,0.0,1,200.5,"(73.0, 211.5)"
1,0.25,0.0,1.0,0.0,0.0,1,200.5,"(77.0, 211.5)"
1,0.25,0.0,1.0,0.0,0.0,1,200.5,"(81.0, 211.5)"
1,0.25,0.0,1.0,0.0,0.0,1,200.5,"(85.5, 211.5)"
1,0.25,0.0,1.0,0.0,0.0,1,200.5,"(91.5, 211.5)"
1,0.25,0.0,1.0,0.0,0.0,1,200.5,"(100.5, 211.5)"
1,0.75,1.0,0.0,1.0,1.0,1,200.5,"(111.0, 211.5)"
1,0.3,1.0,0.0,0.1,0.1,1,205.5,"(31.0, 216.5)"
1,0.275,0.0,1.0,0.0,0.1,1,205.5,"(41.5, 216.5)"
1,0.3625,0.0,1.0,0.1,0.35,1,205.5,"(50.5, 216.5)"
1,0.275,0.0,1.0,0.0,0.1,1,205.5,"(56.5, 216.5)"
1,0.2625,0.0,1.0,0.025,0.025,1,205.5,"(61.0, 216.5)"
1,0.2625,0.0,1.0,0.025,0.025,1,205.5,"(65.0, 216.5)"
1,0.2625,0.0,1.0,0.025,0.025,1,205.5,"(69.0, 216.5)"
1,0.2625,0.0,1.0,0.025,0.025,1,205.5,"(73.0, 216.5)"
1,0.2625,0.0,1.0,0.025,0.025,1,205.5,"(77.0, 216.5)"
1,0.2625,0.0,1.0,0.025,0.025,1,205.5,"(81.0, 216.5)"
1,0.275,0.0,1.0,0.0,0.1,1,205.5,"(85.5, 216.5)"
1,0.3625,0.0,1.0,0.1,0.35,1,205.5,"(91.5, 216.5)"
1,0.275,0.0,1.0,0.0,0.1,1,205.5,"(100.5, 216.5)"
1,0.3,1.0,0.0,0.1,0.1,1,205.5,"(111.0, 216.5)"
1,0.75,1.0,0.0,1.0,1.0,1,210.5,"(31.0, 221.5)"
1,0.25,0.0,1.0,0.0,0.0,1,210.5,"(41.5, 221.5)"
1,0.25,0.0,1.0,0.0,0.0,1,210.5,"(50.5, 221.5)"
1,0.25,0.0,1.0,0.0,0.0,1,210.5,"(56.5, 221.5)"
1,0.25,0.0,1.0,0.0,0.0,1,210.5,"(61.0, 221.5)"
1,0.25,0.0,1.0,0.0,0.0,1,210.5,"(65.0, 221.5)"
1,0.25,0.0,1.0,0.0,0.0,1,210.5,"(69.0, 221.5)"
1,0.25,0.0,1.0,0.0,0.0,1,210.5,"(73.0, 221.5)"
1,0.25,0.0,1.0,0.0,0.0,1,210.5,"(77.0, 221.5)"
1,0.25,0.0,1.0,0.0,0.0,1,210.5,"(81.0, 221.5)"
1,0.25,0.0,1.0,0.0,0.0,1,210.5,"(85.5, 221.5)"
1,0.25,0.0,1.0,0.0,0.0,1,210.5,"(91.5, 221.5)"
1,0.25,0.0,1.0,0.0,0.0,1,210.5,"(100.5, 221.5)"
1,0.75,1.0,0.0,1.0,1.0,1,210.5,"(111.0, 221.5)"
1,0.3,1.0,0.0,0.1,0.1,1,215.5,"(31.0, 226.5)"
1,0.275,0.0,1.0,0.0,0.1,1,215.5,"(41.5, 226.5)"
1,0.3625,0.0,1.0,0.1,0.35,1,215.5,"(50.5, 226.5)"
1,0.275,0.0,1.0,0.0,0.1,1,215.5,"(56.5, 226.5)"
1,0.2625,0.0,1.0,0.025,0.025,1,215.5,"(61.0, 226.5)"
1,0.2625,0.0,1.0,0.025,0.025,1,215.5,"(65.0, 226.5)"
1,0.2625,0.0,1.0,0.025,0.025,1,215.5,"(69.0, 226.5)"
1,0.2625,0.0,1.0,0.025,0.025,1,215.5,"(73.0, 226.5)"
1,0.2625,0.0,1.0,0.025,0.025,1,215.5,"(77.0, 226.5)"
1,0.2625,0.0,1.0,0.025,0.025,1,215.5,"(81.0, 226.5)"
1,0.275,0.0,1.0,0.0,0.1,1,215.5,"(85.5, 226.5)"
1,0.3625,0.0,1.0,0.1,0.35,1,215.5,"(91.5, 226.5)"
1,0.275,0.0,1.0,0.0,0.1,1,215.5,"(100.5, 226.5)"
1,0.3,1.0,0.0,0.1,0.1,1,215.5,"(111.0, 226.5)"
1,0.75,1.0,0.0,1.0,1.0,1,220.5,"(31.0, 231.5)"
1,0.25,0.0,1.0,0.0,0.0,1,220.5,"(41.5, 231.5)"
1,0.25,0.0,1.0,0.0,0.0,1,220.5,"(50.5, 231.5)"
1,0.25,0.0,1.0,0.0,0.0,1,220.5,"(56.5, 231.5)"
1,0.25,0.0,1.0,0.0,0.0,1,220.5,"(61.0, 231.5)"
1,0.25,0.0,1.0,0.0,0.0,1,220.5,"(65.0, 231.5)"
1,0.25,0.0,1.0,0.0,0.0,1,220.5,"(69.0, 231.5)"
1,0.25,0.0,1.0,0.0,0.0,1,220.5,"(73.0, 231.5)"
1,0.25,0.0,1.0,0.0,0.0,1,220.5,"(77.0, 231.5)"
1,0.25,0.0,1.0,0.0,0.0,1,220.5,"(81.0, 231.5)"
1,0.25,0.0,1.0,0.0,0.0,1,220.5,"(85.5, 231.5)"
1,0.25,0.0,1.0,0.0,0.0,1,220.5,"(91.5, 231.5)"
1,0.25,0.0,1.0,0.0,0.0,1,220.5,"(100.5, 231.5)"
1,0.75,1.0,0.0,1.0,1.0,1,220.5,"(111.0, 231.5)"
1,0.3,1.0,0.0,0.1,0.1,1,225.5,"(31.0, 236.5)"
1,0.275,0.0,1.0,0.0,0.1,1,225.5,"(41.5, 236.5)"
1,0.3625,0.0,1.0,0.1,0.35,1,225.5,"(50.5, 236.5)"
1,0.275,0.0,1.0,0.0,0.1,1,225.5,"(56.5, 236.5)"
1,0.2625,0.0,1.0,0.025,0.025,1,225.5,"(61.0, 236.5)"
1,0.2625,0.0,1.0,0.025,0.025,1,225.5,"(65.0, 236.5)"
1,0.2625,0.0,1.0,0.025,0.025,1,225.5,"(69.0, 236.5)"
1,0.2625,0.0,1.0,0.025,0.025,1,225.5,"(73.0, 236.5)"
1,0.2625,0.0,1.0,0.025,0.025,1,225.5,"(77.0, 236.5)"
1,0.2625,0.0,1.0,0.025,0.025,1,225.5,"(81.0, 236.5)"
1,0.275,0.0,1.0,0.0,0.1,1,225.5,"(85.5, 236.5)"
1,0.3625,0.0,1.0,0.1,0.35,1,225.5,"(91.5, 236.5)"
1,0.275,0.0,1.0,0.0,0.1,1,225.5,"(100.5, 236.5)"
1,0.3,1.0,0.0,0.1,0.1,1,225.5,"(111.0, 236.5)"
1,0.75,1.0,0.0,1.0,1.0,1,230.5,"(31.0, 241.5)"
1,0.25,0.0,1.0,0.0,0.0,1,230.5,"(41.5, 241.5)"
1,0.25,0.0,1.0,0.0,0.0,1,230.5,"(50.5, 241.5)"
1,0.25,0.0,1.0,0.0,0.0,1,230.5,"(56.5, 241.5)"
1,0.25,0.0,1.0,0.0,0.0,1,230.5,"(61.0, 241.5)"
1,0.25,0.0,1.0,0.0,0.0,1,230.5,"(65.0, 241.5)"
1,0.25,0.0,1.0,0.0,0.0,1,230.5,"(69.0, 241.5)"
1,0.25,0.0,1.0,0.0,0.0,1,230.5,"(73.0, 241.5)"
1,0.25,0.0,1.0,0.0,0.0,1,230.5,"(77.0, 241.5)"
1,0.25,0.0,1.0,0.0,0.0,1,230.5,"(81.0, 241.5)"
1,0.25,0.0,1.0,0.0,0.0,1,230.5,"(85.5, 241.5)"
1,0.25,0.0,1.0,0.0,0.0,1,230.5,"(91.5, 241.5)"
1,0.25,0.0,1.0,0.0,0.0,1,230.5,"(100.5, 241.5)"
1,0.75,1.0,0.0,1.0,1.0,1,230.5,"(111.0, 241.5)"
1,0.3,1.0,0.0,0.1,0.1,1,235.5,"(31.0, 246.5)"
1,0.275,0.0,1.0,0.0,0.1,1,235.5,"(41.5, 246.5)"
1,0.3375,0.0,1.0,0.0,0.35,1,235.5,"(50.5, 246.5)"
1,0.275,0.0,1.0,0.0,0.1,1,235.5,"(56.5, 246.5)"
1,0.2625,0.0,1.0,0.025,0.025,1,235.5,"(61.0, 246.5)"
1,0.2625,0.0,1.0,0.025,0.025,1,235.5,"(65.0, 246.5)"
1,0.2625,0.0,1.0,0.025,0.025,1,235.5,"(69.0, 246.5)"
1,0.2625,0.0,1.0,0.025,0.025,1,235.5,"(73.0, 246.5)"
1,0.2625,0.0,1.0,0.025,0.025,1,235.5,"(77.0, 246.5)"
1,0.2625,0.0,1.0,0.025,0.025,1,235.5,"(81.0, 246.5)"
1,0.275,0.0,1.0,0.0,0.1,1,235.5,"(85.5, 246.5)"
1,0.3375,0.0,1.0,0.0,0.35,1,235.5,"(91.5, 246.5)"
1,0.275,0.0,1.0,0.0,0.1,1,235.5,"(100.5, 246.5)"
1,0.3,1.0,0.0,0.1,0.1,1,235.5,"(111.0, 246.5)"
1,0.75,1.0,0.0,1.0,1.0,1,240.5,"(31.0, 251.5)"
1,0.25,0.0,1.0,0.0,0.0,1,240.5,"(41.5, 251.5)"
1,0.25,0.0,1.0,0.0,0.0,1,240.5,"(50.5, 251.5)"
1,0.25,0.0,1.0,0.0,0.0,1,240.5,"(56.5, 251.5)"
1,0.25,0.0,1.0,0.0,0.0,1,240.5,"(61.0, 251.5)"
1,0.25,0.0,1.0,0.0,0.0,1,240.5,"(65.0, 251.5)"
1,0.25,0.0,1.0,0.0,0.0,1,240.5,"(69.0, 251.5)"
1,0.25,0.0,1.0,0.0,0.0,1,240.5,"(73.0, 251.5)"
1,0.25,0.0,1.0,0.0,0.0,1,240.5,"(77.0, 251.5)"
1,0.25,0.0,1.0,0.0,0.0,1,240.5,"(81.0, 251.5)"
1,0.25,0.0,1.0,0.0,0.0,1,240.5,"(85.5, 251.5)"
1,0.25,0.0,1.0,0.0,0.0,1,240.5,"(91.5, 251.5)"
1,0.25,0.0,1.0,0.0,0.0,1,240.5,"(100.5, 251.5)"
1,0.75,1.0,0.0,1.0,1.0,1,240.5,"(111.0, 251.5)"
1,0.3,1.0,0.0,0.1,0.1,1,245.5,"(31.0, 256.5)"
1,0.275,0.0,1.0,0.0,0.1,1,245.5,"(41.5, 256.5)"
1,0.3375,0.0,1.0,0.0,0.35,1,245.5,"(50.5, 256.5)"
1,0.275,0.0,1.0,0.0,0.1,1,245.5,"(56.5, 256.5)"
1,0.2625,0.0,1.0,0.025,0.025,1,245.5,"(61.0, 256.5)"
1,0.2625,0.0,1.0,0.025,0.025,1,245.5,"(65.0, 256.5)"
1,0.2625,0.0,1.0,0.025,0.025,1,245.5,"(69.0, 256.5)"
1,0.2625,0.0,1.0,0.025,0.025,1,245.5,"(73.0, 256.5)"
1,0.2625,0.0,1.0,0.025,0.025,1,245.5,"(77.0, 256.5)"
1,0.2625,0.0,1.0,0.025,0.025,1,245.5,"(81.0, 256.5)"
1,0.275,0.0,1.0,0.0,0.1,1,245.5,"(85.5, 256.5)"
1,0.3375,0.0,1.0,0.0,0.35,1,245.5,"(91.5, 256.5)"
1,0.275,0.0,1.0,0.0,0.1,1,245.5,"(100.5, 256.5)"
1,0.3,1.0,0.0,0.1,0.1,1,245.5,"(111.0, 256.5)"
1,0.75,1.0,0.0,1.0,1.0,1,250.5,"(31.0, 261.5)"
1,0.25,0.0,1.0,0.0,0.0,1,250.5,"(41.5, 261.5)"
1,0.25,0.0,1.0,0.0,0.0,1,250.5,"(50.5, 261.5)"
1,0.25,0.0,1.0,0.0,0.0,1,250.5,"(56.5, 261.5)"
1,0.25,0.0,1.0,0.0,0.0,1,250.5,"(61.0, 261.5)"
1,0.25,0.0,1.0,0.0,0.0,1,250.5,"(65.0, 261.5)"
1,0.25,0.0,1.0,0.0,0.0,1,250.5,"(69.0, 261.5)"
1,0.25,0.0,1.0,0.0,0.0,1,250.5,"(73.0, 261.5)"
1,0.25,0.0,1.0,0.0,0.0,1,250.5,"(77.0, 261.5)"
1,0.25,0.0,1.0,0.0,0.0,1,250.5,"(81.0, 261.5)"
1,0.25,0.0,1.0,0.0,0.0,1,250.5,"(85.5, 261.5)"
1,0.25,0.0,1.0,0.0,0.0,1,250.5,"(91.5, 261.5)"
1,0.25,0.0,1.0,0.0,0.0,1,250.5,"(100.5, 261.5)"
1,0.75,1.0,0.0,1.0,1.0,1,250.5,"(111.0, 261.5)"
1,0.3,1.0,0.0,0.1,0.1,1,255.5,"(31.0, 266.5)"
1,0.275,0.0,1.0,0.0,0.1,1,255.5,"(41.5, 266.5)"
1,0.3375,0.0,1.0,0.0,0.35,1,255.5,"(50.5, 266.5)"
1,0.275,0.0,1.0,0.0,0.1,1,255.5,"(56.5, 266.5)"
1,0.2625,0.0,1.0,0.025,0.025,1,255.5,"(61.0, 266.5)"
1,0.2625,0.0,1.0,0.025,0.025,1,255.5,"(65.0, 266.5)"
1,0.2625,0.0,1.0,0.025,0.025,1,255.5,"(69.0, 266.5)"
1,0.2625,0.0,1.0,0.025,0.025,1,255.5,"(73.0, 266.5)"
1,0.2625,0.0,1.0,0.025,0.025,1,255.5,"(77.0, 266.5)"
1,0.2625,0.0,1.0,0.025,0.025,1,255.5,"(81.0, 266.5)"
1,0.275,0.0,1.0,0.0,0.1,1,255.5,"(85.5, 266.5)"
1,0.3375,0.0,1.0,0.0,0.35,1,255.5,"(91.5, 266.5)"
1,0.275,0.0,1.0,0.0,0.1,1,255.5,"(100.5, 266.5)"
1,0.3,1.0,0.0,0.1,0.1,1,255.5,"(111.0, 266.5)"
1,0.75,1.0,0.0,1.0,1.0,1,260.5,"(31.0, 271.5)"
1,0.25,0.0,1.0,0.0,0.0,1,260.5,"(41.5, 271.5)"
1,0.25,0.0,1.0,0.0,0.0,1,260.5,"(50.5, 271.5)"
1,0.25,0.0,1.0,0.0,0.0,1,260.5,"(56.5, 271.5)"
1,0.25,0.0,1.0,0.0,0.0,1,260.5,"(61.0, 271.5)"
1,0.25,0.0,1.0,0.0,0.0,1,260.5,"(65.0, 271.5)"
1,0.25,0.0,1.0,0.0,0.0,1,260.5,"(69.0, 271.5)"
1,0.25,0.0,1.0,0.0,0.0,1,260.5,"(73.0, 271.5)"
1,0.25,0.0,1.0,0.0,0.0,1,260.5,"(77.0, 271.5)"
1,0.25,0.0,1.0,0.0,0.0,1,260.5,"(81.0, 271.5)"
1,0.25,0.0,1.0,0.0,0.0,1,260.5,"(85.5, 271.5)"
1,0.25,0.0,1.0,0.0,0.0,1,260.5,"(91.5, 271.5)"
1,0.25,0.0,1.0,0.0,0.0,1,260.5,"(100.5, 271.5)"
1,0.75,1.0,0.0,1.0,1.0,1,260.5,"(111.0, 271.5)"
1,0.3,1.0,0.0,0.1,0.1,1,265.5,"(31.0, 276.5)"
1,0.275,0.0,1.0,0.0,0.1,1,265.5,"(41.5, 276.5)"
1,0.3375,0.0,1.0,0.0,0.35,1,265.5,"(50.5, 276.5)"
1,0.275,0.0,1.0,0.0,0.1,1,265.5,"(56.5, 276.5)"
1,0.2625,0.0,1.0,0.025,0.025,1,265.5,"(61.0, 276.5)"
1,0.2625,0.0,1.0,0.025,0.025,1,265.5,"(65.0, 276.5)"
1,0.2625,0.0,1.0,0.025,0.025,1,265.5,"(69.0, 276.5)"
1,0.2625,0.0,1.0,0.025,0.025,1,265.5,"(73.0, 276.5)"
1,0.2625,0.0,1.0,0.025,0.025,1,265.5,"(77.0, 276.5)"
1,0.2625,0.0,1.0,0.025,0.025,1,265.5,"(81.0, 276.5)"
1,0.275,0.0,1.0,0.0,0.1,1,265.5,"(85.5, 276.5)"
1,0.3375,0.0,1.0,0.0,0.35,1,265.5,"(91.5, 276.5)"
1,0.275,0.0,1.0,0.0,0.1,1,265.5,"(100.5, 276.5)"
1,0.3,1.0,0.0,0.1,0.1,1,265.5,"(111.0, 276.5)"
1,0.75,1.0,0.0,1.0,1.0,1,270.5,"(31.0, 281.5)"
1,0.25,0.0,1.0,0.0,0.0,1,270.5,"(41.5, 281.5)"
1,0.25,0.0,1.0,0.0,0.0,1,270.5,"(50.5, 281.5)"
1,0.25,0.0,1.0,0.0,0.0,1,270.5,"(56.5, 281.5)"
1,0.25,0.0,1.0,0.0,0.0,1,270.5,"(61.0, 281.5)"
1,0.25,0.0,1.0,0.0,0.0,1,270.5,"(65.0, 281.5)"
1,0.25,0.0,1.0,0.0,0.0,1,270.5,"(69.0, 281.5)"
1,0.25,0.0,1.0,0.0,0.0,1,270.5,"(73.0, 281.5)"
1,0.25,0.0,1.0,0.0,0.0,1,270.5,"(77.0, 281.5)"
1,0.25,0.0,1.0,0.0,0.0,1,270.5,"(81.0, 281.5)"
1,0.25,0.0,1.0,0.0,0.0,1,270.5,"(85.5, 281.5)"
1,0.25,0.0,1.0,0.0,0.0,1,270.5,"(91.5, 281.5)"
1,0.25,0.0,1.0,0.0,0.0,1,270.5,"(100.5, 281.5)"
1,0.75,1.0,0.0,1.0,1.0,1,270.5,"(111.0, 281.5)"
1,0.275,1.0,0.0,0.0,0.1,1,279.5,"(31.0, 290.5)"
1,0.275,1.0,0.0,0.0,0.1,1,279.5,"(41.5, 290.5)"
1,0.3375,0.0,1.0,0.0,0.35,1,279.5,"(50.5, 290.5)"
1,0.3,0.0,1.0,0.1,0.1,1,279.5,"(56.5, 290.5)"
1,0.27625,0.0,1.0,0.0525,0.0525,1,279.5,"(61.0, 290.5)"
1,0.27625,0.0,1.0,0.0525,0.0525,1,279.5,"(65.0, 290.5)"
1,0.27625,0.0,1.0,0.0525,0.0525,1,279.5,"(69.0, 290.5)"
1,0.27625,0.0,1.0,0.0525,0.0525,1,279.5,"(73.0, 290.5)"
1,0.27625,0.0,1.0,0.0525,0.0525,1,279.5,"(77.0, 290.5)"
1,0.27625,0.0,1.0,0.0525,0.0525,1,279.5,"(81.0, 290.5)"
1,0.3,0.0,1.0,0.1,0.1,1,279.5,"(85.5, 290.5)"
1,0.3375,0.0,1.0,0.0,0.35,1,279.5,"(91.5, 290.5)"
1,0.275,1.0,0.0,0.0,0.1,1,279.5,"(100.5, 290.5)"
1,0.275,1.0,0.0,0.0,0.1,1,279.5,"(111.0, 290.5)"
1,0.275,1.0,0.0,0.0,0.1,1,293.0,"(31.0, 304.0)"
1,0.275,1.0,0.0,0.0,0.1,1,293.0,"(41.5, 304.0)"
1,0.3375,0.0,1.0,0.0,0.35,1,293.0,"(50.5, 304.0)"
1,0.3,0.0,1.0,0.1,0.1,1,293.0,"(56.5, 304.0)"
1,0.27625,0.0,1.0,0.0525,0.0525,1,293.0,"(61.0, 304.0)"
1,0.27625,0.0,1.0,0.0525,0.0525,1,293.0,"(65.0, 304.0)"
1,0.27625,0.0,1.0,0.0525,0.0525,1,293.0,"(69.0, 304.0)"
1,0.27625,0.0,1.0,0.0525,0.0525,1,293.0,"(73.0, 304.0)"
1,0.27625,0.0,1.0,0.0525,0.0525,1,293.0,"(77.0, 304.0)"
1,0.27625,0.0,1.0,0.0525,0.0525,1,293.0,"(81.0, 304.0)"
1,0.3,0.0,1.0,0.1,0.1,1,293.0,"(85.5, 304.0)"
1,0.3375,0.0,1.0,0.0,0.35,1,293.0,"(91.5, 304.0)"
1,0.275,1.0,0.0,0.0,0.1,1,293.0,"(100.5, 304.0)"
1,0.275,1.0,0.0,0.0,0.1,1,293.0,"(111.0, 304.0)"
1,0.275,1.0,0.0,0.0,0.1,1,308.0,"(31.0, 319.0)"
1,0.275,1.0,0.0,0.0,0.1,1,308.0,"(41.5, 319.0)"
1,0.3375,0.0,1.0,0.0,0.35,1,308.0,"(50.5, 319.0)"
1,0.3,0.0,1.0,0.1,0.1,1,308.0,"(56.5, 319.0)"
1,0.27625,0.0,1.0,0.0525,0.0525,1,308.0,"(61.0, 319.0)"
1,0.27625,0.0,1.0,0.0525,0.0525,1,308.0,"(65.0, 319.0)"
1,0.27625,0.0,1.0,0.0525,0.0525,1,308.0,"(69.0, 319.0)"
1,0.27625,0.0,1.0,0.0525,0.0525,1,308.0,"(73.0, 319.0)"
1,0.27625,0.0,1.0,0.0525,0.0525,1,308.0,"(77.0, 319.0)"
1,0.27625,0.0,1.0,0.0525,0.0525,1,308.0,"(81.0, 319.0)"
1,0.3,0.0,1.0,0.1,0.1,1,308.0,"(85.5, 319.0)"
1,0.3375,0.0,1.0,0.0,0.35,1,308.0,"(91.5, 319.0)"
1,0.275,1.0,0.0,0.0,0.1,1,308.0,"(100.5, 319.0)"
1,0.275,1.0,0.0,0.0,0.1,1,308.0,"(111.0, 319.0)"
1,0.275,1.0,0.0,0.0,0.1,1,325.5,"(31.0, 336.5)"
1,0.275,1.0,0.0,0.0,0.1,1,325.5,"(41.5, 336.5)"
1,0.3375,0.0,1.0,0.0,0.35,1,325.5,"(50.5, 336.5)"
1,0.3,0.0,1.0,0.1,0.1,1,325.5,"(56.5, 336.5)"
1,0.27625,0.0,1.0,0.0525,0.0525,1,325.5,"(61.0, 336.5)"
1,0.27625,0.0,1.0,0.0525,0.0525,1,325.5,"(65.0, 336.5)"
1,0.27625,0.0,1.0,0.0525,0.0525,1,325.5,"(69.0, 336.5)"
1,0.27625,0.0,1.0,0.0525,0.0525,1,325.5,"(73.0, 336.5)"
1,0.27625,0.0,1.0,0.0525,0.0525,1,325.5,"(77.0, 336.5)"
1,0.27625,0.0,1.0,0.0525,0.0525,1,325.5,"(81.0, 336.5)"
1,0.3,0.0,1.0,0.1,0.1,1,325.5,"(85.5, 336.5)"
1,0.3375,0.0,1.0,0.0,0.35,1,325.5,"(91.5, 336.5)"
1,0.275,1.0,0.0,0.0,0.1,1,325.5,"(100.5, 336.5)"
1,0.275,1.0,0.0,0.0,0.1,1,325.5,"(111.0, 336.5)"
1,0.275,1.0,0.0,0.0,0.1,1,346.5,"(31.0, 357.5)"
1,0.275,1.0,0.0,0.0,0.1,1,346.5,"(41.5, 357.5)"
1,0.3375,0.0,1.0,0.0,0.35,1,346.5,"(50.5, 357.5)"
1,0.3,0.0,1.0,0.1,0.1,1,346.5,"(56.5, 357.5)"
1,0.27625,0.0,1.0,0.0525,0.0525,1,346.5,"(61.0, 357.5)"
1,0.27625,0.0,1.0,0.0525,0.0525,1,346.5,"(65.0, 357.5)"
1,0.27625,0.0,1.0,0.0525,0.0525,1,346.5,"(69.0, 357.5)"
1,0.27625,0.0,1.0,0.0525,0.0525,1,346.5,"(73.0, 357.5)"
1,0.27625,0.0,1.0,0.0525,0.0525,1,346.5,"(77.0, 357.5)"
1,0.27625,0.0,1.0,0.0525,0.0525,1,346.5,"(81.0, 357.5)"
1,0.3,0.0,1.0,0.1,0.1,1,346.5,"(85.5, 357.5)"
1,0.3375,0.0,1.0,0.0,0.35,1,346.5,"(91.5, 357.5)"
1,0.275,1.0,0.0,0.0,0.1,1,346.5,"(100.5, 357.5)"
1,0.275,1.0,0.0,0.0,0.1,1,346.5,"(111.0, 357.5)"
1,0.275,1.0,0.0,0.0,0.1,1,372.0,"(31.0, 383.0)"
1,0.275,1.0,0.0,0.0,0.1,1,372.0,"(41.5, 383.0)"
1,0.3375,0.0,1.0,0.0,0.35,1,372.0,"(50.5, 383.0)"
1,0.3,0.0,1.0,0.1,0.1,1,372.0,"(56.5, 383.0)"
1,0.27625,0.0,1.0,0.0525,0.0525,1,372.0,"(61.0, 383.0)"
1,0.27625,0.0,1.0,0.0525,0.0525,1,372.0,"(65.0, 383.0)"
1,0.27625,0.0,1.0,0.0525,0.0525,1,372.0,"(69.0, 383.0)"
1,0.27625,0.0,1.0,0.0525,0.0525,1,372.0,"(73.0, 383.0)"
1,0.27625,0.0,1.0,0.0525,0.0525,1,372.0,"(77.0, 383.0)"
1,0.27625,0.0,1.0,0.0525,0.0525,1,372.0,"(81.0, 383.0)"
1,0.3,0.0,1.0,0.1,0.1,1,372.0,"(85.5, 383.0)"
1,0.3375,0.0,1.0,0.0,0.35,1,372.0,"(91.5, 383.0)"
1,0.275,1.0,0.0,0.0,0.1,1,372.0,"(100.5, 383.0)"
1,0.275,1.0,0.0,0.0,0.1,1,372.0,"(111.0, 383.0)"
1,0.275,1.0,0.0,0.0,0.1,1,403.0,"(31.0, 414.0)"
1,0.275,1.0,0.0,0.0,0.1,1,403.0,"(41.5, 414.0)"
1,0.3375,0.0,1.0,0.0,0.35,1,403.0,"(50.5, 414.0)"
1,0.3,0.0,1.0,0.1,0.1,1,403.0,"(56.5, 414.0)"
1,0.27625,0.0,1.0,0.0525,0.0525,1,403.0,"(61.0, 414.0)"
1,0.27625,0.0,1.0,0.0525,0.0525,1,403.0,"(65.0, 414.0)"
1,0.27625,0.0,1.0,0.0525,0.0525,1,403.0,"(69.0, 414.0)"
1,0.27625,0.0,1.0,0.0525,0.0525,1,403.0,"(73.0, 414.0)"
1,0.27625,0.0,1.0,0.0525,0.0525,1,403.0,"(77.0, 414.0)"
1,0.27625,0.0,1.0,0.0525,0.0525,1,403.0,"(81.0, 414.0)"
1,0.3,0.0,1.0,0.1,0.1,1,403.0,"(85.5, 414.0)"
1,0.3375,0.0,1.0,0.0,0.35,1,403.0,"(91.5, 414.0)"
1,0.275,1.0,0.0,0.0,0.1,1,403.0,"(100.5, 414.0)"
1,0.275,1.0,0.0,0.0,0.1,1,403.0,"(111.0, 414.0)"
1,0.275,1.0,0.0,0.0,0.1,1,440.5,"(31.0, 451.5)"
1,0.275,1.0,0.0,0.0,0.1,1,440.5,"(41.5, 451.5)"
1,0.3375,0.0,1.0,0.0,0.35,1,440.5,"(50.5, 451.5)"
1,0.3,0.0,1.0,0.1,0.1,1,440.5,"(56.5, 451.5)"
1,0.27625,0.0,1.0,0.0525,0.0525,1,440.5,"(61.0, 451.5)"
1,0.27625,0.0,1.0,0.0525,0.0525,1,440.5,"(65.0, 451.5)"
1,0.27625,0.0,1.0,0.0525,0.0525,1,440.5,"(69.0, 451.5)"
1,0.27625,0.0,1.0,0.0525,0.0525,1,440.5,"(73.0, 451.5)"
1,0.27625,0.0,1.0,0.0525,0.0525,1,440.5,"(77.0, 451.5)"
1,0.27625,0.0,1.0,0.0525,0.0525,1,440.5,"(81.0, 451.5)"
1,0.3,0.0,1.0,0.1,0.1,1,440.5,"(85.5, 451.5)"
1,0.3375,0.0,1.0,0.0,0.35,1,440.5,"(91.5, 451.5)"
1,0.275,1.0,0.0,0.0,0.1,1,440.5,"(100.5, 451.5)"
1,0.275,1.0,0.0,0.0,0.1,1,440.5,"(111.0, 451.5)"
1,0.1125,0.35,0.0,0.0,0.1,1,488.5,"(31.0, 499.5)"
1,0.1125,0.35,0.0,0.0,0.1,1,488.5,"(41.5, 499.5)"
1,0.3375,0.0,1.0,0.0,0.35,1,488.5,"(50.5, 499.5)"
1,0.3,0.0,1.0,0.1,0.1,1,488.5,"(56.5, 499.5)"
1,0.27625,0.0,1.0,0.0525,0.0525,1,488.5,"(61.0, 499.5)"
1,0.27625,0.0,1.0,0.0525,0.0525,1,488.5,"(65.0, 499.5)"
1,0.27625,0.0,1.0,0.0525,0.0525,1,488.5,"(69.0, 499.5)"
1,0.27625,0.0,1.0,0.0525,0.0525,1,488.5,"(73.0, 499.5)"
1,0.27625,0.0,1.0,0.0525,0.0525,1,488.5,"(77.0, 499.5)"
1,0.27625,0.0,1.0,0.0525,0.0525,1,488.5,"(81.0, 499.5)"
1,0.3,0.0,1.0,0.1,0.1,1,488.5,"(85.5, 499.5)"
1,0.3375,0.0,1.0,0.0,0.35,1,488.5,"(91.5, 499.5)"
1,0.1125,0.35,0.0,0.0,0.1,1,488.5,"(100.5, 499.5)"
1,0.1125,0.35,0.0,0.0,0.1,1,488.5,"(111.0, 499.5)"
1,0.1125,0.35,0.0,0.0,0.1,1,543.5,"(31.0, 554.5)"
1,0.1125,0.35,0.0,0.0,0.1,1,543.5,"(41.5, 554.5)"
1,0.3375,0.0,1.0,0.0,0.35,1,543.5,"(50.5, 554.5)"
1,0.3,0.0,1.0,0.1,0.1,1,543.5,"(56.5, 554.5)"
1,0.27625,0.0,1.0,0.0525,0.0525,1,543.5,"(61.0, 554.5)"
1,0.27625,0.0,1.0,0.0525,0.0525,1,543.5,"(65.0, 554.5)"
1,0.27625,0.0,1.0,0.0525,0.0525,1,543.5,"(69.0, 554.5)"
1,0.27625,0.0,1.0,0.0525,0.0525,1,543.5,"(73.0, 554.5)"
1,0.27625,0.0,1.0,0.0525,0.0525,1,543.5,"(77.0, 554.5)"
1,0.27625,0.0,1.0,0.0525,0.0525,1,543.5,"(81.0, 554.5)"
1,0.3,0.0,1.0,0.1,0.1,1,543.5,"(85.5, 554.5)"
1,0.3375,0.0,1.0,0.0,0.35,1,543.5,"(91.5, 554.5)"
1,0.1125,0.35,0.0,0.0,0.1,1,543.5,"(100.5, 554.5)"
1,0.1125,0.35,0.0,0.0,0.1,1,543.5,"(111.0, 554.5)"
1,0.1125,0.35,0.0,0.0,0.1,1,598.5,"(31.0, 609.5)"
1,0.1125,0.35,0.0,0.0,0.1,1,598.5,"(41.5, 609.5)"
1,0.3375,0.0,1.0,0.0,0.35,1,598.5,"(50.5, 609.5)"
1,0.3,0.0,1.0,0.1,0.1,1,598.5,"(56.5, 609.5)"
1,0.27625,0.0,1.0,0.0525,0.0525,1,598.5,"(61.0, 609.5)"
1,0.27625,0.0,1.0,0.0525,0.0525,1,598.5,"(65.0, 609.5)"
1,0.27625,0.0,1.0,0.0525,0.0525,1,598.5,"(69.0, 609.5)"
1,0.27625,0.0,1.0,0.0525,0.0525,1,598.5,"(73.0, 609.5)"
1,0.27625,0.0,1.0,0.0525,0.0525,1,598.5,"(77.0, 609.5)"
1,0.27625,0.0,1.0,0.0525,0.0525,1,598.5,"(81.0, 609.5)"
1,0.3,0.0,1.0,0.1,0.1,1,598.5,"(85.5, 609.5)"
1,0.3375,0.0,1.0,0.0,0.35,1,598.5,"(91.5, 609.5)"
1,0.1125,0.35,0.0,0.0,0.1,1,598.5,"(100.5, 609.5)"
1,0.1125,0.35,0.0,0.0,0.1,1,598.5,"(111.0, 609.5)"
1,0.1125,0.35,0.0,0.0,0.1,1,653.5,"(31.0, 664.5)"
1,0.1125,0.35,0.0,0.0,0.1,1,653.5,"(41.5, 664.5)"
1,0.3375,0.0,1.0,0.0,0.35,1,653.5,"(50.5, 664.5)"
1,0.3,0.0,1.0,0.1,0.1,1,653.5,"(56.5, 664.5)"
1,0.27625,0.0,1.0,0.0525,0.0525,1,653.5,"(61.0, 664.5)"
1,0.27625,0.0,1.0,0.0525,0.0525,1,653.5,"(65.0, 664.5)"
1,0.27625,0.0,1.0,0.0525,0.0525,1,653.5,"(69.0, 664.5)"
1,0.27625,0.0,1.0,0.0525,0.0525,1,653.5,"(73.0, 664.5)"
1,0.27625,0.0,1.0,0.0525,0.0525,1,653.5,"(77.0, 664.5)"
1,0.27625,0.0,1.0,0.0525,0.0525,1,653.5,"(81.0, 664.5)"
1,0.3,0.0,1.0,0.1,0.1,1,653.5,"(85.5, 664.5)"
1,0.3375,0.0,1.0,0.0,0.35,1,653.5,"(91.5, 664.5)"
1,0.1125,0.35,0.0,0.0,0.1,1,653.5,"(100.5, 664.5)"
1,0.1125,0.35,0.0,0.0,0.1,1,653.5,"(111.0, 664.5)"
1,0.1125,0.35,0.0,0.0,0.1,1,708.5,"(31.0, 719.5)"
1,0.1125,0.35,0.0,0.0,0.1,1,708.5,"(41.5, 719.5)"
1,0.3375,0.0,1.0,0.0,0.35,1,708.5,"(50.5, 719.5)"
1,0.3,0.0,1.0,0.1,0.1,1,708.5,"(56.5, 719.5)"
1,0.27625,0.0,1.0,0.0525,0.0525,1,708.5,"(61.0, 719.5)"
1,0.27625,0.0,1.0,0.0525,0.0525,1,708.5,"(65.0, 719.5)"
1,0.27625,0.0,1.0,0.0525,0.0525,1,708.5,"(69.0, 719.5)"
1,0.27625,0.0,1.0,0.0525,0.0525,1,708.5,"(73.0, 719.5)"
1,0.27625,0.0,1.0,0.0525,0.0525,1,708.5,"(77.0, 719.5)"
1,0.27625,0.0,1.0,0.0525,0.0525,1,708.5,"(81.0, 719.5)"
1,0.3,0.0,1.0,0.1,0.1,1,708.5,"(85.5, 719.5)"
1,0.3375,0.0,1.0,0.0,0.35,1,708.5,"(91.5, 719.5)"
1,0.1125,0.35,0.0,0.0,0.1,1,708.5,"(100.5, 719.5)"
1,0.1125,0.35,0.0,0.0,0.1,1,708.5,"(111.0, 719.5)"
1,0.1125,0.35,0.0,0.0,0.1,1,952.0,"(31.0, 963.0)"
1,0.1125,0.35,0.0,0.0,0.1,1,952.0,"(41.5, 963.0)"
1,0.3375,0.0,1.0,0.0,0.35,1,952.0,"(50.5, 963.0)"
1,0.3,0.0,1.0,0.1,0.1,1,952.0,"(56.5, 963.0)"
1,0.27625,0.0,1.0,0.0525,0.0525,1,952.0,"(61.0, 963.0)"
1,0.27625,0.0,1.0,0.0525,0.0525,1,952.0,"(65.0, 963.0)"
1,0.27625,0.0,1.0,0.0525,0.0525,1,952.0,"(69.0, 963.0)"
1,0.27625,0.0,1.0,0.0525,0.0525,1,952.0,"(73.0, 963.0)"
1,0.27625,0.0,1.0,0.0525,0.0525,1,952.0,"(77.0, 963.0)"
1,0.27625,0.0,1.0,0.0525,0.0525,1,952.0,"(81.0, 963.0)"
1,0.3,0.0,1.0,0.1,0.1,1,952.0,"(85.5, 963.0)"
1,0.3375,0.0,1.0,0.0,0.35,1,952.0,"(91.5, 963.0)"
1,0.1125,0.35,0.0,0.0,0.1,1,952.0,"(100.5, 963.0)"
1,0.1125,0.35,0.0,0.0,0.1,1,952.0,"(111.0, 963.0)"
