cell,corners,centroid,auxin
60,"[[21, 83], [21, 89], [24, 89], [24, 83]]","[22.5, 86.0]",891.628
61,"[[26, 83], [26, 90], [34, 90], [34, 83]]","[30.0, 86.5]",183.633
62,"[[36, 83], [36, 90], [45, 90], [45, 83]]","[40.5, 86.5]",155.86
63,"[[47, 83], [47, 90], [52, 90], [52, 83]]","[49.5, 86.5]",83.124
64,"[[54, 83], [54, 90], [57, 90], [57, 83]]","[55.5, 86.5]",434.619
65,"[[59, 83], [59, 90], [61, 90], [61, 83]]","[60.0, 86.5]",402.775
66,"[[63, 83], [63, 90], [65, 90], [65, 83]]","[64.0, 86.5]",320.932
67,"[[67, 83], [67, 90], [69, 90], [69, 83]]","[68.0, 86.5]",314.255
68,"[[71, 83], [71, 90], [73, 90], [73, 83]]","[72.0, 86.5]",314.255
69,"[[75, 83], [75, 90], [77, 90], [77, 83]]","[76.0, 86.5]",320.932
70,"[[79, 83], [79, 90], [81, 90], [81, 83]]","[80.0, 86.5]",402.775
71,"[[83, 83], [83, 90], [86, 90], [86, 83]]","[84.5, 86.5]",434.619
72,"[[88, 83], [88, 90], [93, 90], [93, 83]]","[90.5, 86.5]",83.124
73,"[[95, 83], [95, 90], [104, 90], [104, 83]]","[99.5, 86.5]",155.86
74,"[[106, 83], [106, 90], [114, 90], [114, 83]]","[110.0, 86.5]",183.633
75,"[[116, 83], [116, 89], [119, 89], [119, 83]]","[117.5, 86.0]",891.628
76,"[[21, 91], [21, 97], [24, 97], [24, 91]]","[22.5, 94.0]",788.806
77,"[[116, 91], [116, 97], [119, 97], [119, 91]]","[117.5, 94.0]",788.806
78,"[[26, 92], [26, 95], [34, 95], [34, 92]]","[30.0, 93.5]",178.697
79,"[[36, 92], [36, 95], [45, 95], [45, 92]]","[40.5, 93.5]",136.827
80,"[[47, 92], [47, 95], [52, 95], [52, 92]]","[49.5, 93.5]",63.615
81,"[[54, 92], [54, 95], [57, 95], [57, 92]]","[55.5, 93.5]",311.347
82,"[[59, 92], [59, 95], [61, 95], [61, 92]]","[60.0, 93.5]",281.572
83,"[[63, 92], [63, 95], [65, 95], [65, 92]]","[64.0, 93.5]",237.626
84,"[[67, 92], [67, 95], [69, 95], [69, 92]]","[68.0, 93.5]",215.585
85,"[[71, 92], [71, 95], [73, 95], [73, 92]]","[72.0, 93.5]",215.585
86,"[[75, 92], [75, 95], [77, 95], [77, 92]]","[76.0, 93.5]",237.626
87,"[[79, 92], [79, 95], [81, 95], [81, 92]]","[80.0, 93.5]",281.572
88,"[[83, 92], [83, 95], [86, 95], [86, 92]]","[84.5, 93.5]",311.347
89,"[[88, 92], [88, 95], [93, 95], [93, 92]]","[90.5, 93.5]",63.615
90,"[[95, 92], [95, 95], [104, 95], [104, 92]]","[99.5, 93.5]",136.827
91,"[[106, 92], [106, 95], [114, 95], [114, 92]]","[110.0, 93.5]",178.697
92,"[[26, 97], [26, 100], [34, 100], [34, 97]]","[30.0, 98.5]",194.261
93,"[[36, 97], [36, 100], [45, 100], [45, 97]]","[40.5, 98.5]",139.675
94,"[[47, 97], [47, 100], [52, 100], [52, 97]]","[49.5, 98.5]",62.9386
95,"[[54, 97], [54, 100], [57, 100], [57, 97]]","[55.5, 98.5]",298.166
96,"[[59, 97], [59, 100], [61, 100], [61, 97]]","[60.0, 98.5]",268.792
97,"[[63, 97], [63, 100], [65, 100], [65, 97]]","[64.0, 98.5]",226.574
98,"[[67, 97], [67, 100], [69, 100], [69, 97]]","[68.0, 98.5]",205.547
99,"[[71, 97], [71, 100], [73, 100], [73, 97]]","[72.0, 98.5]",205.547
100,"[[75, 97], [75, 100], [77, 100], [77, 97]]","[76.0, 98.5]",226.574
101,"[[79, 97], [79, 100], [81, 100], [81, 97]]","[80.0, 98.5]",268.792
102,"[[83, 97], [83, 100], [86, 100], [86, 97]]","[84.5, 98.5]",298.166
103,"[[88, 97], [88, 100], [93, 100], [93, 97]]","[90.5, 98.5]",62.9386
104,"[[95, 97], [95, 100], [104, 100], [104, 97]]","[99.5, 98.5]",139.675
105,"[[106, 97], [106, 100], [114, 100], [114, 97]]","[110.0, 98.5]",194.261
106,"[[21, 99], [21, 105], [24, 105], [24, 99]]","[22.5, 102.0]",740.489
107,"[[116, 99], [116, 105], [119, 105], [119, 99]]","[117.5, 102.0]",740.489
108,"[[26, 102], [26, 106], [34, 106], [34, 102]]","[30.0, 104.0]",201.457
109,"[[36, 102], [36, 106], [45, 106], [45, 102]]","[40.5, 104.0]",143.351
110,"[[47, 102], [47, 106], [52, 106], [52, 102]]","[49.5, 104.0]",62.7476
111,"[[54, 102], [54, 106], [57, 106], [57, 102]]","[55.5, 104.0]",284.891
112,"[[59, 102], [59, 106], [61, 106], [61, 102]]","[60.0, 104.0]",257.824
113,"[[63, 102], [63, 106], [65, 106], [65, 102]]","[64.0, 104.0]",215.231
114,"[[67, 102], [67, 106], [69, 106], [69, 102]]","[68.0, 104.0]",195.133
115,"[[71, 102], [71, 106], [73, 106], [73, 102]]","[72.0, 104.0]",195.133
116,"[[75, 102], [75, 106], [77, 106], [77, 102]]","[76.0, 104.0]",215.231
117,"[[79, 102], [79, 106], [81, 106], [81, 102]]","[80.0, 104.0]",257.824
118,"[[83, 102], [83, 106], [86, 106], [86, 102]]","[84.5, 104.0]",284.891
119,"[[88, 102], [88, 106], [93, 106], [93, 102]]","[90.5, 104.0]",62.7476
120,"[[95, 102], [95, 106], [104, 106], [104, 102]]","[99.5, 104.0]",143.351
121,"[[106, 102], [106, 106], [114, 106], [114, 102]]","[110.0, 104.0]",201.457
122,"[[21, 107], [21, 113], [24, 113], [24, 107]]","[22.5, 110.0]",705.02
123,"[[116, 107], [116, 113], [119, 113], [119, 107]]","[117.5, 110.0]",705.02
124,"[[26, 108], [26, 113], [34, 113], [34, 108]]","[30.0, 110.5]",201.19
125,"[[36, 108], [36, 113], [45, 113], [45, 108]]","[40.5, 110.5]",144.003
126,"[[47, 108], [47, 113], [52, 113], [52, 108]]","[49.5, 110.5]",64.9527
127,"[[54, 108], [54, 113], [57, 113], [57, 108]]","[55.5, 110.5]",245.893
128,"[[59, 108], [59, 113], [61, 113], [61, 108]]","[60.0, 110.5]",224.434
129,"[[63, 108], [63, 113], [65, 113], [65, 108]]","[64.0, 110.5]",187.573
130,"[[67, 108], [67, 113], [69, 113], [69, 108]]","[68.0, 110.5]",170.762
131,"[[71, 108], [71, 113], [73, 113], [73, 108]]","[72.0, 110.5]",170.762
132,"[[75, 108], [75, 113], [77, 113], [77, 108]]","[76.0, 110.5]",187.573
133,"[[79, 108], [79, 113], [81, 113], [81, 108]]","[80.0, 110.5]",224.434
134,"[[83, 108], [83, 113], [86, 113], [86, 108]]","[84.5, 110.5]",245.893
135,"[[88, 108], [88, 113], [93, 113], [93, 108]]","[90.5, 110.5]",64.9527
136,"[[95, 108], [95, 113], [104, 113], [104, 108]]","[99.5, 110.5]",144.003
137,"[[106, 108], [106, 113], [114, 113], [114, 108]]","[110.0, 110.5]",201.19
138,"[[21, 115], [21, 121], [24, 121], [24, 115]]","[22.5, 118.0]",655.148
139,"[[26, 115], [26, 118], [34, 118], [34, 115]]","[30.0, 116.5]",175.107
140,"[[36, 115], [36, 118], [45, 118], [45, 115]]","[40.5, 116.5]",131.253
141,"[[47, 115], [47, 118], [52, 118], [52, 115]]","[49.5, 116.5]",66.8795
142,"[[54, 115], [54, 118], [57, 118], [57, 115]]","[55.5, 116.5]",235.904
143,"[[59, 115], [59, 118], [61, 118], [61, 115]]","[60.0, 116.5]",215.156
144,"[[63, 115], [63, 118], [65, 118], [65, 115]]","[64.0, 116.5]",184.426
145,"[[67, 115], [67, 118], [69, 118], [69, 115]]","[68.0, 116.5]",169.003
146,"[[71, 115], [71, 118], [73, 118], [73, 115]]","[72.0, 116.5]",169.003
147,"[[75, 115], [75, 118], [77, 118], [77, 115]]","[76.0, 116.5]",184.426
148,"[[79, 115], [79, 118], [81, 118], [81, 115]]","[80.0, 116.5]",215.156
149,"[[83, 115], [83, 118], [86, 118], [86, 115]]","[84.5, 116.5]",235.904
150,"[[88, 115], [88, 118], [93, 118], [93, 115]]","[90.5, 116.5]",66.8795
151,"[[95, 115], [95, 118], [104, 118], [104, 115]]","[99.5, 116.5]",131.253
152,"[[106, 115], [106, 118], [114, 118], [114, 115]]","[110.0, 116.5]",175.107
153,"[[116, 115], [116, 121], [119, 121], [119, 115]]","[117.5, 118.0]",655.148
154,"[[26, 120], [26, 123], [34, 123], [34, 120]]","[30.0, 121.5]",179.563
155,"[[36, 120], [36, 123], [45, 123], [45, 120]]","[40.5, 121.5]",130.755
156,"[[47, 120], [47, 123], [52, 123], [52, 120]]","[49.5, 121.5]",66.9302
157,"[[54, 120], [54, 123], [57, 123], [57, 120]]","[55.5, 121.5]",236.549
158,"[[59, 120], [59, 123], [61, 123], [61, 120]]","[60.0, 121.5]",215.983
159,"[[63, 120], [63, 123], [65, 123], [65, 120]]","[64.0, 121.5]",185.288
160,"[[67, 120], [67, 123], [69, 123], [69, 120]]","[68.0, 121.5]",169.726
161,"[[71, 120], [71, 123], [73, 123], [73, 120]]","[72.0, 121.5]",169.726
162,"[[75, 120], [75, 123], [77, 123], [77, 120]]","[76.0, 121.5]",185.288
163,"[[79, 120], [79, 123], [81, 123], [81, 120]]","[80.0, 121.5]",215.983
164,"[[83, 120], [83, 123], [86, 123], [86, 120]]","[84.5, 121.5]",236.549
165,"[[88, 120], [88, 123], [93, 123], [93, 120]]","[90.5, 121.5]",66.9302
166,"[[95, 120], [95, 123], [104, 123], [104, 120]]","[99.5, 121.5]",130.755
167,"[[106, 120], [106, 123], [114, 123], [114, 120]]","[110.0, 121.5]",179.563
168,"[[21, 123], [21, 129], [24, 129], [24, 123]]","[22.5, 126.0]",617.012
169,"[[116, 123], [116, 129], [119, 129], [119, 123]]","[117.5, 126.0]",617.012
170,"[[26, 125], [26, 128], [34, 128], [34, 125]]","[30.0, 126.5]",172.191
171,"[[36, 125], [36, 128], [45, 128], [45, 125]]","[40.5, 126.5]",129.248
172,"[[47, 125], [47, 128], [52, 128], [52, 125]]","[49.5, 126.5]",65.3177
173,"[[54, 125], [54, 128], [57, 128], [57, 125]]","[55.5, 126.5]",226.988
174,"[[59, 125], [59, 128], [61, 128], [61, 125]]","[60.0, 126.5]",208.097
175,"[[63, 125], [63, 128], [65, 128], [65, 125]]","[64.0, 126.5]",178.399
176,"[[67, 125], [67, 128], [69, 128], [69, 125]]","[68.0, 126.5]",163.231
177,"[[71, 125], [71, 128], [73, 128], [73, 125]]","[72.0, 126.5]",163.231
178,"[[75, 125], [75, 128], [77, 128], [77, 125]]","[76.0, 126.5]",178.399
179,"[[79, 125], [79, 128], [81, 128], [81, 125]]","[80.0, 126.5]",208.097
180,"[[83, 125], [83, 128], [86, 128], [86, 125]]","[84.5, 126.5]",226.988
181,"[[88, 125], [88, 128], [93, 128], [93, 125]]","[90.5, 126.5]",65.3177
182,"[[95, 125], [95, 128], [104, 128], [104, 125]]","[99.5, 126.5]",129.248
183,"[[106, 125], [106, 128], [114, 128], [114, 125]]","[110.0, 126.5]",172.191
184,"[[26, 130], [26, 133], [34, 133], [34, 130]]","[30.0, 131.5]",167.173
185,"[[36, 130], [36, 133], [45, 133], [45, 130]]","[40.5, 131.5]",128.75
186,"[[47, 130], [47, 133], [52, 133], [52, 130]]","[49.5, 131.5]",62.6277
187,"[[54, 130], [54, 133], [57, 133], [57, 130]]","[55.5, 131.5]",218.388
188,"[[59, 130], [59, 133], [61, 133], [61, 130]]","[60.0, 131.5]",202.669
189,"[[63, 130], [63, 133], [65, 133], [65, 130]]","[64.0, 131.5]",172.658
190,"[[67, 130], [67, 133], [69, 133], [69, 130]]","[68.0, 131.5]",157.39
191,"[[71, 130], [71, 133], [73, 133], [73, 130]]","[72.0, 131.5]",157.39
192,"[[75, 130], [75, 133], [77, 133], [77, 130]]","[76.0, 131.5]",172.658
193,"[[79, 130], [79, 133], [81, 133], [81, 130]]","[80.0, 131.5]",202.669
194,"[[83, 130], [83, 133], [86, 133], [86, 130]]","[84.5, 131.5]",218.388
195,"[[88, 130], [88, 133], [93, 133], [93, 130]]","[90.5, 131.5]",62.6277
196,"[[95, 130], [95, 133], [104, 133], [104, 130]]","[99.5, 131.5]",128.75
197,"[[106, 130], [106, 133], [114, 133], [114, 130]]","[110.0, 131.5]",167.173
198,"[[21, 131], [21, 136], [24, 136], [24, 131]]","[22.5, 133.5]",564.82
199,"[[116, 131], [116, 136], [119, 136], [119, 131]]","[117.5, 133.5]",564.82
200,"[[26, 135], [26, 142], [34, 142], [34, 135]]","[30.0, 138.5]",205.283
201,"[[36, 135], [36, 142], [45, 142], [45, 135]]","[40.5, 138.5]",142.045
202,"[[47, 135], [47, 142], [52, 142], [52, 135]]","[49.5, 138.5]",61.3851
203,"[[54, 135], [54, 142], [57, 142], [57, 135]]","[55.5, 138.5]",200.172
204,"[[59, 135], [59, 142], [61, 142], [61, 135]]","[60.0, 138.5]",191.991
205,"[[63, 135], [63, 142], [65, 142], [65, 135]]","[64.0, 138.5]",159.514
206,"[[67, 135], [67, 142], [69, 142], [69, 135]]","[68.0, 138.5]",145.629
207,"[[71, 135], [71, 142], [73, 142], [73, 135]]","[72.0, 138.5]",145.629
208,"[[75, 135], [75, 142], [77, 142], [77, 135]]","[76.0, 138.5]",159.514
209,"[[79, 135], [79, 142], [81, 142], [81, 135]]","[80.0, 138.5]",191.991
210,"[[83, 135], [83, 142], [86, 142], [86, 135]]","[84.5, 138.5]",200.172
211,"[[88, 135], [88, 142], [93, 142], [93, 135]]","[90.5, 138.5]",61.3851
212,"[[95, 135], [95, 142], [104, 142], [104, 135]]","[99.5, 138.5]",142.045
213,"[[106, 135], [106, 142], [114, 142], [114, 135]]","[110.0, 138.5]",205.283
214,"[[21, 138], [21, 143], [24, 143], [24, 138]]","[22.5, 140.5]",512.443
215,"[[116, 138], [116, 143], [119, 143], [119, 138]]","[117.5, 140.5]",512.443
216,"[[26, 144], [26, 151], [34, 151], [34, 144]]","[30.0, 147.5]",201.706
217,"[[36, 144], [36, 151], [45, 151], [45, 144]]","[40.5, 147.5]",133.914
218,"[[47, 144], [47, 151], [52, 151], [52, 144]]","[49.5, 147.5]",59.6854
219,"[[54, 144], [54, 151], [57, 151], [57, 144]]","[55.5, 147.5]",199.91
220,"[[59, 144], [59, 151], [61, 151], [61, 144]]","[60.0, 147.5]",193.303
221,"[[63, 144], [63, 151], [65, 151], [65, 144]]","[64.0, 147.5]",163.245
222,"[[67, 144], [67, 151], [69, 151], [69, 144]]","[68.0, 147.5]",150.651
223,"[[71, 144], [71, 151], [73, 151], [73, 144]]","[72.0, 147.5]",150.651
224,"[[75, 144], [75, 151], [77, 151], [77, 144]]","[76.0, 147.5]",163.245
225,"[[79, 144], [79, 151], [81, 151], [81, 144]]","[80.0, 147.5]",193.303
226,"[[83, 144], [83, 151], [86, 151], [86, 144]]","[84.5, 147.5]",199.91
227,"[[88, 144], [88, 151], [93, 151], [93, 144]]","[90.5, 147.5]",59.6854
228,"[[95, 144], [95, 151], [104, 151], [104, 144]]","[99.5, 147.5]",133.914
229,"[[106, 144], [106, 151], [114, 151], [114, 144]]","[110.0, 147.5]",201.706
230,"[[21, 145], [21, 150], [24, 150], [24, 145]]","[22.5, 147.5]",457.285
231,"[[116, 145], [116, 150], [119, 150], [119, 145]]","[117.5, 147.5]",457.285
232,"[[21, 152], [21, 157], [24, 157], [24, 152]]","[22.5, 154.5]",446.63
233,"[[116, 152], [116, 157], [119, 157], [119, 152]]","[117.5, 154.5]",446.63
234,"[[26, 153], [26, 157], [34, 157], [34, 153]]","[30.0, 155.0]",173.23
235,"[[36, 153], [36, 157], [45, 157], [45, 153]]","[40.5, 155.0]",115.208
236,"[[47, 153], [47, 157], [52, 157], [52, 153]]","[49.5, 155.0]",57.2975
237,"[[54, 153], [54, 157], [57, 157], [57, 153]]","[55.5, 155.0]",176.752
238,"[[59, 153], [59, 157], [61, 157], [61, 153]]","[60.0, 155.0]",169.065
239,"[[63, 153], [63, 157], [65, 157], [65, 153]]","[64.0, 155.0]",148.07
240,"[[67, 153], [67, 157], [69, 157], [69, 153]]","[68.0, 155.0]",138.127
241,"[[71, 153], [71, 157], [73, 157], [73, 153]]","[72.0, 155.0]",138.127
242,"[[75, 153], [75, 157], [77, 157], [77, 153]]","[76.0, 155.0]",148.07
243,"[[79, 153], [79, 157], [81, 157], [81, 153]]","[80.0, 155.0]",169.065
244,"[[83, 153], [83, 157], [86, 157], [86, 153]]","[84.5, 155.0]",176.752
245,"[[88, 153], [88, 157], [93, 157], [93, 153]]","[90.5, 155.0]",57.2975
246,"[[95, 153], [95, 157], [104, 157], [104, 153]]","[99.5, 155.0]",115.208
247,"[[106, 153], [106, 157], [114, 157], [114, 153]]","[110.0, 155.0]",173.23
248,"[[21, 159], [21, 163], [24, 163], [24, 159]]","[22.5, 161.0]",463.109
249,"[[26, 159], [26, 163], [34, 163], [34, 159]]","[30.0, 161.0]",155.706
250,"[[36, 159], [36, 163], [45, 163], [45, 159]]","[40.5, 161.0]",106.619
251,"[[47, 159], [47, 163], [52, 163], [52, 159]]","[49.5, 161.0]",54.432
252,"[[54, 159], [54, 163], [57, 163], [57, 159]]","[55.5, 161.0]",167.969
253,"[[59, 159], [59, 163], [61, 163], [61, 159]]","[60.0, 161.0]",161.464
254,"[[63, 159], [63, 163], [65, 163], [65, 159]]","[64.0, 161.0]",142.45
255,"[[67, 159], [67, 163], [69, 163], [69, 159]]","[68.0, 161.0]",133.526
256,"[[71, 159], [71, 163], [73, 163], [73, 159]]","[72.0, 161.0]",133.526
257,"[[75, 159], [75, 163], [77, 163], [77, 159]]","[76.0, 161.0]",142.45
258,"[[79, 159], [79, 163], [81, 163], [81, 159]]","[80.0, 161.0]",161.464
259,"[[83, 159], [83, 163], [86, 163], [86, 159]]","[84.5, 161.0]",167.969
260,"[[88, 159], [88, 163], [93, 163], [93, 159]]","[90.5, 161.0]",54.432
261,"[[95, 159], [95, 163], [104, 163], [104, 159]]","[99.5, 161.0]",106.619
262,"[[106, 159], [106, 163], [114, 163], [114, 159]]","[110.0, 161.0]",155.706
263,"[[116, 159], [116, 163], [119, 163], [119, 159]]","[117.5, 161.0]",463.109
264,"[[21, 165], [21, 169], [24, 169], [24, 165]]","[22.5, 167.0]",458.408
265,"[[26, 165], [26, 169], [34, 169], [34, 165]]","[30.0, 167.0]",142.503
266,"[[36, 165], [36, 169], [45, 169], [45, 165]]","[40.5, 167.0]",98.8714
267,"[[47, 165], [47, 169], [52, 169], [52, 165]]","[49.5, 167.0]",51.8249
268,"[[54, 165], [54, 169], [57, 169], [57, 165]]","[55.5, 167.0]",159.148
269,"[[59, 165], [59, 169], [61, 169], [61, 165]]","[60.0, 167.0]",154.092
270,"[[63, 165], [63, 169], [65, 169], [65, 165]]","[64.0, 167.0]",136.887
271,"[[67, 165], [67, 169], [69, 169], [69, 165]]","[68.0, 167.0]",128.895
272,"[[71, 165], [71, 169], [73, 169], [73, 165]]","[72.0, 167.0]",128.895
273,"[[75, 165], [75, 169], [77, 169], [77, 165]]","[76.0, 167.0]",136.887
274,"[[79, 165], [79, 169], [81, 169], [81, 165]]","[80.0, 167.0]",154.092
275,"[[83, 165], [83, 169], [86, 169], [86, 165]]","[84.5, 167.0]",159.148
276,"[[88, 165], [88, 169], [93, 169], [93, 165]]","[90.5, 167.0]",51.8249
277,"[[95, 165], [95, 169], [104, 169], [104, 165]]","[99.5, 167.0]",98.8714
278,"[[106, 165], [106, 169], [114, 169], [114, 165]]","[110.0, 167.0]",142.503
279,"[[116, 165], [116, 169], [119, 169], [119, 165]]","[117.5, 167.0]",458.408
280,"[[21, 171], [21, 175], [24, 175], [24, 171]]","[22.5, 173.0]",440.396
281,"[[26, 171], [26, 175], [34, 175], [34, 171]]","[30.0, 173.0]",133.245
282,"[[36, 171], [36, 175], [45, 175], [45, 171]]","[40.5, 173.0]",92.5069
283,"[[47, 171], [47, 175], [52, 175], [52, 171]]","[49.5, 173.0]",49.6094
284,"[[54, 171], [54, 175], [57, 175], [57, 171]]","[55.5, 173.0]",153.255
285,"[[59, 171], [59, 175], [61, 175], [61, 171]]","[60.0, 173.0]",149.176
286,"[[63, 171], [63, 175], [65, 175], [65, 171]]","[64.0, 173.0]",133.589
287,"[[67, 171], [67, 175], [69, 175], [69, 171]]","[68.0, 173.0]",126.383
288,"[[71, 171], [71, 175], [73, 175], [73, 171]]","[72.0, 173.0]",126.383
289,"[[75, 171], [75, 175], [77, 175], [77, 171]]","[76.0, 173.0]",133.589
290,"[[79, 171], [79, 175], [81, 175], [81, 171]]","[80.0, 173.0]",149.176
291,"[[83, 171], [83, 175], [86, 175], [86, 171]]","[84.5, 173.0]",153.255
292,"[[88, 171], [88, 175], [93, 175], [93, 171]]","[90.5, 173.0]",49.6094
293,"[[95, 171], [95, 175], [104, 175], [104, 171]]","[99.5, 173.0]",92.5069
294,"[[106, 171], [106, 175], [114, 175], [114, 171]]","[110.0, 173.0]",133.245
295,"[[116, 171], [116, 175], [119, 175], [119, 171]]","[117.5, 173.0]",440.396
296,"[[21, 177], [21, 181], [24, 181], [24, 177]]","[22.5, 179.0]",425.812
297,"[[26, 177], [26, 180], [34, 180], [34, 177]]","[30.0, 178.5]",122.152
298,"[[36, 177], [36, 180], [45, 180], [45, 177]]","[40.5, 178.5]",85.1598
299,"[[47, 177], [47, 180], [52, 180], [52, 177]]","[49.5, 178.5]",46.9775
300,"[[54, 177], [54, 180], [57, 180], [57, 177]]","[55.5, 178.5]",149.093
301,"[[59, 177], [59, 180], [61, 180], [61, 177]]","[60.0, 178.5]",145.131
302,"[[63, 177], [63, 180], [65, 180], [65, 177]]","[64.0, 178.5]",131.602
303,"[[67, 177], [67, 180], [69, 180], [69, 177]]","[68.0, 178.5]",125.007
304,"[[71, 177], [71, 180], [73, 180], [73, 177]]","[72.0, 178.5]",125.007
305,"[[75, 177], [75, 180], [77, 180], [77, 177]]","[76.0, 178.5]",131.602
306,"[[79, 177], [79, 180], [81, 180], [81, 177]]","[80.0, 178.5]",145.131
307,"[[83, 177], [83, 180], [86, 180], [86, 177]]","[84.5, 178.5]",149.093
308,"[[88, 177], [88, 180], [93, 180], [93, 177]]","[90.5, 178.5]",46.9775
309,"[[95, 177], [95, 180], [104, 180], [104, 177]]","[99.5, 178.5]",85.1598
310,"[[106, 177], [106, 180], [114, 180], [114, 177]]","[110.0, 178.5]",122.152
311,"[[116, 177], [116, 181], [119, 181], [119, 177]]","[117.5, 179.0]",425.812
312,"[[26, 182], [26, 185], [34, 185], [34, 182]]","[30.0, 183.5]",115.322
313,"[[36, 182], [36, 185], [45, 185], [45, 182]]","[40.5, 183.5]",80.1555
314,"[[47, 182], [47, 185], [52, 185], [52, 182]]","[49.5, 183.5]",44.9668
315,"[[54, 182], [54, 185], [57, 185], [57, 182]]","[55.5, 183.5]",141.576
316,"[[59, 182], [59, 185], [61, 185], [61, 182]]","[60.0, 183.5]",138.65
317,"[[63, 182], [63, 185], [65, 185], [65, 182]]","[64.0, 183.5]",126.485
318,"[[67, 182], [67, 185], [69, 185], [69, 182]]","[68.0, 183.5]",120.529
319,"[[71, 182], [71, 185], [73, 185], [73, 182]]","[72.0, 183.5]",120.529
320,"[[75, 182], [75, 185], [77, 185], [77, 182]]","[76.0, 183.5]",126.485
321,"[[79, 182], [79, 185], [81, 185], [81, 182]]","[80.0, 183.5]",138.65
322,"[[83, 182], [83, 185], [86, 185], [86, 182]]","[84.5, 183.5]",141.576
323,"[[88, 182], [88, 185], [93, 185], [93, 182]]","[90.5, 183.5]",44.9668
324,"[[95, 182], [95, 185], [104, 185], [104, 182]]","[99.5, 183.5]",80.1555
325,"[[106, 182], [106, 185], [114, 185], [114, 182]]","[110.0, 183.5]",115.322
326,"[[21, 183], [21, 187], [24, 187], [24, 183]]","[22.5, 185.0]",395.277
327,"[[116, 183], [116, 187], [119, 187], [119, 183]]","[117.5, 185.0]",395.277
328,"[[26, 187], [26, 190], [34, 190], [34, 187]]","[30.0, 188.5]",108.346
329,"[[36, 187], [36, 190], [45, 190], [45, 187]]","[40.5, 188.5]",75.3138
330,"[[47, 187], [47, 190], [52, 190], [52, 187]]","[49.5, 188.5]",43.1208
331,"[[54, 187], [54, 190], [57, 190], [57, 187]]","[55.5, 188.5]",135.86
332,"[[59, 187], [59, 190], [61, 190], [61, 187]]","[60.0, 188.5]",134.371
333,"[[63, 187], [63, 190], [65, 190], [65, 187]]","[64.0, 188.5]",123.16
334,"[[67, 187], [67, 190], [69, 190], [69, 187]]","[68.0, 188.5]",117.652
335,"[[71, 187], [71, 190], [73, 190], [73, 187]]","[72.0, 188.5]",117.652
336,"[[75, 187], [75, 190], [77, 190], [77, 187]]","[76.0, 188.5]",123.16
337,"[[79, 187], [79, 190], [81, 190], [81, 187]]","[80.0, 188.5]",134.371
338,"[[83, 187], [83, 190], [86, 190], [86, 187]]","[84.5, 188.5]",135.86
339,"[[88, 187], [88, 190], [93, 190], [93, 187]]","[90.5, 188.5]",43.1208
340,"[[95, 187], [95, 190], [104, 190], [104, 187]]","[99.5, 188.5]",75.3138
341,"[[106, 187], [106, 190], [114, 190], [114, 187]]","[110.0, 188.5]",108.346
342,"[[21, 189], [21, 194], [24, 194], [24, 189]]","[22.5, 191.5]",390.929
343,"[[116, 189], [116, 194], [119, 194], [119, 189]]","[117.5, 191.5]",390.929
344,"[[26, 192], [26, 195], [34, 195], [34, 192]]","[30.0, 193.5]",109.149
345,"[[36, 192], [36, 195], [45, 195], [45, 192]]","[40.5, 193.5]",70.7411
346,"[[47, 192], [47, 195], [52, 195], [52, 192]]","[49.5, 193.5]",41.4142
347,"[[54, 192], [54, 195], [57, 195], [57, 192]]","[55.5, 193.5]",132.379
348,"[[59, 192], [59, 195], [61, 195], [61, 192]]","[60.0, 193.5]",132.201
349,"[[63, 192], [63, 195], [65, 195], [65, 192]]","[64.0, 193.5]",121.78
350,"[[67, 192], [67, 195], [69, 195], [69, 192]]","[68.0, 193.5]",116.577
351,"[[71, 192], [71, 195], [73, 195], [73, 192]]","[72.0, 193.5]",116.577
352,"[[75, 192], [75, 195], [77, 195], [77, 192]]","[76.0, 193.5]",121.78
353,"[[79, 192], [79, 195], [81, 195], [81, 192]]","[80.0, 193.5]",132.201
354,"[[83, 192], [83, 195], [86, 195], [86, 192]]","[84.5, 193.5]",132.379
355,"[[88, 192], [88, 195], [93, 195], [93, 192]]","[90.5, 193.5]",41.4142
356,"[[95, 192], [95, 195], [104, 195], [104, 192]]","[99.5, 193.5]",70.7411
357,"[[106, 192], [106, 195], [114, 195], [114, 192]]","[110.0, 193.5]",109.149
358,"[[21, 196], [21, 208], [24, 208], [24, 196]]","[22.5, 202.0]",372.498
359,"[[116, 196], [116, 208], [119, 208], [119, 196]]","[117.5, 202.0]",372.498
360,"[[26, 197], [26, 200], [34, 200], [34, 197]]","[30.0, 198.5]",84.2137
361,"[[36, 197], [36, 200], [45, 200], [45, 197]]","[40.5, 198.5]",65.0149
362,"[[47, 197], [47, 200], [52, 200], [52, 197]]","[49.5, 198.5]",40.0816
363,"[[54, 197], [54, 200], [57, 200], [57, 197]]","[55.5, 198.5]",126.566
364,"[[59, 197], [59, 200], [61, 200], [61, 197]]","[60.0, 198.5]",127.834
365,"[[63, 197], [63, 200], [65, 200], [65, 197]]","[64.0, 198.5]",118.265
366,"[[67, 197], [67, 200], [69, 200], [69, 197]]","[68.0, 198.5]",113.456
367,"[[71, 197], [71, 200], [73, 200], [73, 197]]","[72.0, 198.5]",113.456
368,"[[75, 197], [75, 200], [77, 200], [77, 197]]","[76.0, 198.5]",118.265
369,"[[79, 197], [79, 200], [81, 200], [81, 197]]","[80.0, 198.5]",127.834
370,"[[83, 197], [83, 200], [86, 200], [86, 197]]","[84.5, 198.5]",126.566
371,"[[88, 197], [88, 200], [93, 200], [93, 197]]","[90.5, 198.5]",40.0816
372,"[[95, 197], [95, 200], [104, 200], [104, 197]]","[99.5, 198.5]",65.0149
373,"[[106, 197], [106, 200], [114, 200], [114, 197]]","[110.0, 198.5]",84.2137
374,"[[26, 202], [26, 205], [34, 205], [34, 202]]","[30.0, 203.5]",100.224
375,"[[36, 202], [36, 205], [45, 205], [45, 202]]","[40.5, 203.5]",62.3175
376,"[[47, 202], [47, 205], [52, 205], [52, 202]]","[49.5, 203.5]",38.9882
377,"[[54, 202], [54, 205], [57, 205], [57, 202]]","[55.5, 203.5]",124.715
378,"[[59, 202], [59, 205], [61, 205], [61, 202]]","[60.0, 203.5]",127.326
379,"[[63, 202], [63, 205], [65, 205], [65, 202]]","[64.0, 203.5]",118.296
380,"[[67, 202], [67, 205], [69, 205], [69, 202]]","[68.0, 203.5]",113.53
381,"[[71, 202], [71, 205], [73, 205], [73, 202]]","[72.0, 203.5]",113.53
382,"[[75, 202], [75, 205], [77, 205], [77, 202]]","[76.0, 203.5]",118.296
383,"[[79, 202], [79, 205], [81, 205], [81, 202]]","[80.0, 203.5]",127.326
384,"[[83, 202], [83, 205], [86, 205], [86, 202]]","[84.5, 203.5]",124.715
385,"[[88, 202], [88, 205], [93, 205], [93, 202]]","[90.5, 203.5]",38.9882
386,"[[95, 202], [95, 205], [104, 205], [104, 202]]","[99.5, 203.5]",62.3175
387,"[[106, 202], [106, 205], [114, 205], [114, 202]]","[110.0, 203.5]",100.224
388,"[[26, 207], [26, 210], [34, 210], [34, 207]]","[30.0, 208.5]",119.55
389,"[[36, 207], [36, 210], [45, 210], [45, 207]]","[40.5, 208.5]",61.7918
390,"[[47, 207], [47, 210], [52, 210], [52, 207]]","[49.5, 208.5]",37.573
391,"[[54, 207], [54, 210], [57, 210], [57, 207]]","[55.5, 208.5]",120.373
392,"[[59, 207], [59, 210], [61, 210], [61, 207]]","[60.0, 208.5]",124.948
393,"[[63, 207], [63, 210], [65, 210], [65, 207]]","[64.0, 208.5]",116.259
394,"[[67, 207], [67, 210], [69, 210], [69, 207]]","[68.0, 208.5]",111.422
395,"[[71, 207], [71, 210], [73, 210], [73, 207]]","[72.0, 208.5]",111.422
396,"[[75, 207], [75, 210], [77, 210], [77, 207]]","[76.0, 208.5]",116.259
397,"[[79, 207], [79, 210], [81, 210], [81, 207]]","[80.0, 208.5]",124.948
398,"[[83, 207], [83, 210], [86, 210], [86, 207]]","[84.5, 208.5]",120.373
399,"[[88, 207], [88, 210], [93, 210], [93, 207]]","[90.5, 208.5]",37.573
400,"[[95, 207], [95, 210], [104, 210], [104, 207]]","[99.5, 208.5]",61.7918
401,"[[106, 207], [106, 210], [114, 210], [114, 207]]","[110.0, 208.5]",119.55
402,"[[21, 210], [21, 224], [24, 224], [24, 210]]","[22.5, 217.0]",351.781
403,"[[116, 210], [116, 224], [119, 224], [119, 210]]","[117.5, 217.0]",351.781
404,"[[26, 212], [26, 215], [34, 215], [34, 212]]","[30.0, 213.5]",102.306
405,"[[36, 212], [36, 215], [45, 215], [45, 212]]","[40.5, 213.5]",59.9178
406,"[[47, 212], [47, 215], [52, 215], [52, 212]]","[49.5, 213.5]",35.0083
407,"[[54, 212], [54, 215], [57, 215], [57, 212]]","[55.5, 213.5]",118.104
408,"[[59, 212], [59, 215], [61, 215], [61, 212]]","[60.0, 213.5]",125.347
409,"[[63, 212], [63, 215], [65, 215], [65, 212]]","[64.0, 213.5]",115.981
410,"[[67, 212], [67, 215], [69, 215], [69, 212]]","[68.0, 213.5]",110.661
411,"[[71, 212], [71, 215], [73, 215], [73, 212]]","[72.0, 213.5]",110.661
412,"[[75, 212], [75, 215], [77, 215], [77, 212]]","[76.0, 213.5]",115.981
413,"[[79, 212], [79, 215], [81, 215], [81, 212]]","[80.0, 213.5]",125.347
414,"[[83, 212], [83, 215], [86, 215], [86, 212]]","[84.5, 213.5]",118.104
415,"[[88, 212], [88, 215], [93, 215], [93, 212]]","[90.5, 213.5]",35.0083
416,"[[95, 212], [95, 215], [104, 215], [104, 212]]","[99.5, 213.5]",59.9178
417,"[[106, 212], [106, 215], [114, 215], [114, 212]]","[110.0, 213.5]",102.306
418,"[[26, 217], [26, 224], [34, 224], [34, 217]]","[30.0, 220.5]",124.697
419,"[[36, 217], [36, 224], [45, 224], [45, 217]]","[40.5, 220.5]",63.5393
420,"[[47, 217], [47, 224], [52, 224], [52, 217]]","[49.5, 220.5]",31.9777
421,"[[54, 217], [54, 224], [57, 224], [57, 217]]","[55.5, 220.5]",127.43
422,"[[59, 217], [59, 224], [61, 224], [61, 217]]","[60.0, 220.5]",139.871
423,"[[63, 217], [63, 224], [65, 224], [65, 217]]","[64.0, 220.5]",125.938
424,"[[67, 217], [67, 224], [69, 224], [69, 217]]","[68.0, 220.5]",120.006
425,"[[71, 217], [71, 224], [73, 224], [73, 217]]","[72.0, 220.5]",120.006
426,"[[75, 217], [75, 224], [77, 224], [77, 217]]","[76.0, 220.5]",125.938
427,"[[79, 217], [79, 224], [81, 224], [81, 217]]","[80.0, 220.5]",139.871
428,"[[83, 217], [83, 224], [86, 224], [86, 217]]","[84.5, 220.5]",127.43
429,"[[88, 217], [88, 224], [93, 224], [93, 217]]","[90.5, 220.5]",31.9777
430,"[[95, 217], [95, 224], [104, 224], [104, 217]]","[99.5, 220.5]",63.5393
431,"[[106, 217], [106, 224], [114, 224], [114, 217]]","[110.0, 220.5]",124.697
432,"[[21, 226], [21, 243], [24, 243], [24, 226]]","[22.5, 234.5]",292.542
433,"[[26, 226], [26, 233], [34, 233], [34, 226]]","[30.0, 229.5]",109.941
434,"[[36, 226], [36, 233], [45, 233], [45, 226]]","[40.5, 229.5]",57.3382
435,"[[47, 226], [47, 233], [52, 233], [52, 226]]","[49.5, 229.5]",29.6076
436,"[[54, 226], [54, 233], [57, 233], [57, 226]]","[55.5, 229.5]",118.611
437,"[[59, 226], [59, 233], [61, 233], [61, 226]]","[60.0, 229.5]",131.741
438,"[[63, 226], [63, 233], [65, 233], [65, 226]]","[64.0, 229.5]",119.887
439,"[[67, 226], [67, 233], [69, 233], [69, 226]]","[68.0, 229.5]",115.03
440,"[[71, 226], [71, 233], [73, 233], [73, 226]]","[72.0, 229.5]",115.03
441,"[[75, 226], [75, 233], [77, 233], [77, 226]]","[76.0, 229.5]",119.887
442,"[[79, 226], [79, 233], [81, 233], [81, 226]]","[80.0, 229.5]",131.741
443,"[[83, 226], [83, 233], [86, 233], [86, 226]]","[84.5, 229.5]",118.611
444,"[[88, 226], [88, 233], [93, 233], [93, 226]]","[90.5, 229.5]",29.6076
445,"[[95, 226], [95, 233], [104, 233], [104, 226]]","[99.5, 229.5]",57.3382
446,"[[106, 226], [106, 233], [114, 233], [114, 226]]","[110.0, 229.5]",109.941
447,"[[116, 226], [116, 243], [119, 243], [119, 226]]","[117.5, 234.5]",292.542
448,"[[26, 235], [26, 241], [34, 241], [34, 235]]","[30.0, 238.0]",99.839
449,"[[36, 235], [36, 241], [45, 241], [45, 235]]","[40.5, 238.0]",49.9599
450,"[[47, 235], [47, 241], [52, 241], [52, 235]]","[49.5, 238.0]",28.1744
451,"[[54, 235], [54, 241], [57, 241], [57, 235]]","[55.5, 238.0]",111.612
452,"[[59, 235], [59, 241], [61, 241], [61, 235]]","[60.0, 238.0]",124.734
453,"[[63, 235], [63, 241], [65, 241], [65, 235]]","[64.0, 238.0]",115.597
454,"[[67, 235], [67, 241], [69, 241], [69, 235]]","[68.0, 238.0]",111.731
455,"[[71, 235], [71, 241], [73, 241], [73, 235]]","[72.0, 238.0]",111.731
456,"[[75, 235], [75, 241], [77, 241], [77, 235]]","[76.0, 238.0]",115.597
457,"[[79, 235], [79, 241], [81, 241], [81, 235]]","[80.0, 238.0]",124.734
458,"[[83, 235], [83, 241], [86, 241], [86, 235]]","[84.5, 238.0]",111.612
459,"[[88, 235], [88, 241], [93, 241], [93, 235]]","[90.5, 238.0]",28.1744
460,"[[95, 235], [95, 241], [104, 241], [104, 235]]","[99.5, 238.0]",49.9599
461,"[[106, 235], [106, 241], [114, 241], [114, 235]]","[110.0, 238.0]",99.839
462,"[[26, 243], [26, 249], [34, 249], [34, 243]]","[30.0, 246.0]",125.69
463,"[[36, 243], [36, 249], [45, 249], [45, 243]]","[40.5, 246.0]",44.8363
464,"[[47, 243], [47, 249], [52, 249], [52, 243]]","[49.5, 246.0]",27.5747
465,"[[54, 243], [54, 249], [57, 249], [57, 243]]","[55.5, 246.0]",106.652
466,"[[59, 243], [59, 249], [61, 249], [61, 243]]","[60.0, 246.0]",120.848
467,"[[63, 243], [63, 249], [65, 249], [65, 243]]","[64.0, 246.0]",113.221
468,"[[67, 243], [67, 249], [69, 249], [69, 243]]","[68.0, 246.0]",110.053
469,"[[71, 243], [71, 249], [73, 249], [73, 243]]","[72.0, 246.0]",110.053
470,"[[75, 243], [75, 249], [77, 249], [77, 243]]","[76.0, 246.0]",113.221
471,"[[79, 243], [79, 249], [81, 249], [81, 243]]","[80.0, 246.0]",120.848
472,"[[83, 243], [83, 249], [86, 249], [86, 243]]","[84.5, 246.0]",106.652
473,"[[88, 243], [88, 249], [93, 249], [93, 243]]","[90.5, 246.0]",27.5747
474,"[[95, 243], [95, 249], [104, 249], [104, 243]]","[99.5, 246.0]",44.8363
475,"[[106, 243], [106, 249], [114, 249], [114, 243]]","[110.0, 246.0]",125.69
476,"[[21, 245], [21, 264], [24, 264], [24, 245]]","[22.5, 254.5]",236.888
477,"[[116, 245], [116, 264], [119, 264], [119, 245]]","[117.5, 254.5]",236.888
478,"[[26, 251], [26, 257], [34, 257], [34, 251]]","[30.0, 254.0]",101.759
479,"[[36, 251], [36, 257], [45, 257], [45, 251]]","[40.5, 254.0]",40.1264
480,"[[47, 251], [47, 257], [52, 257], [52, 251]]","[49.5, 254.0]",25.73
481,"[[54, 251], [54, 257], [57, 257], [57, 251]]","[55.5, 254.0]",101.349
482,"[[59, 251], [59, 257], [61, 257], [61, 251]]","[60.0, 254.0]",117.42
483,"[[63, 251], [63, 257], [65, 257], [65, 251]]","[64.0, 254.0]",111.223
484,"[[67, 251], [67, 257], [69, 257], [69, 251]]","[68.0, 254.0]",108.566
485,"[[71, 251], [71, 257], [73, 257], [73, 251]]","[72.0, 254.0]",108.566
486,"[[75, 251], [75, 257], [77, 257], [77, 251]]","[76.0, 254.0]",111.223
487,"[[79, 251], [79, 257], [81, 257], [81, 251]]","[80.0, 254.0]",117.42
488,"[[83, 251], [83, 257], [86, 257], [86, 251]]","[84.5, 254.0]",101.349
489,"[[88, 251], [88, 257], [93, 257], [93, 251]]","[90.5, 254.0]",25.73
490,"[[95, 251], [95, 257], [104, 257], [104, 251]]","[99.5, 254.0]",40.1264
491,"[[106, 251], [106, 257], [114, 257], [114, 251]]","[110.0, 254.0]",101.759
492,"[[26, 259], [26, 265], [34, 265], [34, 259]]","[30.0, 262.0]",131.966
493,"[[36, 259], [36, 265], [45, 265], [45, 259]]","[40.5, 262.0]",38.3254
494,"[[47, 259], [47, 265], [52, 265], [52, 259]]","[49.5, 262.0]",23.4767
495,"[[54, 259], [54, 265], [57, 265], [57, 259]]","[55.5, 262.0]",98.1395
496,"[[59, 259], [59, 265], [61, 265], [61, 259]]","[60.0, 262.0]",116.261
497,"[[63, 259], [63, 265], [65, 265], [65, 259]]","[64.0, 262.0]",110.936
498,"[[67, 259], [67, 265], [69, 265], [69, 259]]","[68.0, 262.0]",108.475
499,"[[71, 259], [71, 265], [73, 265], [73, 259]]","[72.0, 262.0]",108.475
500,"[[75, 259], [75, 265], [77, 265], [77, 259]]","[76.0, 262.0]",110.936
501,"[[79, 259], [79, 265], [81, 265], [81, 259]]","[80.0, 262.0]",116.261
502,"[[83, 259], [83, 265], [86, 265], [86, 259]]","[84.5, 262.0]",98.1395
503,"[[88, 259], [88, 265], [93, 265], [93, 259]]","[90.5, 262.0]",23.4767
504,"[[95, 259], [95, 265], [104, 265], [104, 259]]","[99.5, 262.0]",38.3254
505,"[[106, 259], [106, 265], [114, 265], [114, 259]]","[110.0, 262.0]",131.966
506,"[[21, 266], [21, 286], [24, 286], [24, 266]]","[22.5, 276.0]",226.994
507,"[[116, 266], [116, 286], [119, 286], [119, 266]]","[117.5, 276.0]",226.994
508,"[[26, 267], [26, 273], [34, 273], [34, 267]]","[30.0, 270.0]",110.075
509,"[[36, 267], [36, 273], [45, 273], [45, 267]]","[40.5, 270.0]",28.2835
510,"[[47, 267], [47, 273], [52, 273], [52, 267]]","[49.5, 270.0]",21.3254
511,"[[54, 267], [54, 273], [57, 273], [57, 267]]","[55.5, 270.0]",94.9679
512,"[[59, 267], [59, 273], [61, 273], [61, 267]]","[60.0, 270.0]",113.928
513,"[[63, 267], [63, 273], [65, 273], [65, 267]]","[64.0, 270.0]",108.923
514,"[[67, 267], [67, 273], [69, 273], [69, 267]]","[68.0, 270.0]",106.392
515,"[[71, 267], [71, 273], [73, 273], [73, 267]]","[72.0, 270.0]",106.392
516,"[[75, 267], [75, 273], [77, 273], [77, 267]]","[76.0, 270.0]",108.923
517,"[[79, 267], [79, 273], [81, 273], [81, 267]]","[80.0, 270.0]",113.928
518,"[[83, 267], [83, 273], [86, 273], [86, 267]]","[84.5, 270.0]",94.9679
519,"[[88, 267], [88, 273], [93, 273], [93, 267]]","[90.5, 270.0]",21.3254
520,"[[95, 267], [95, 273], [104, 273], [104, 267]]","[99.5, 270.0]",28.2835
521,"[[106, 267], [106, 273], [114, 273], [114, 267]]","[110.0, 270.0]",110.075
522,"[[26, 275], [26, 280], [34, 280], [34, 275]]","[30.0, 277.5]",94.5753
523,"[[36, 275], [36, 280], [45, 280], [45, 275]]","[40.5, 277.5]",16.1356
524,"[[47, 275], [47, 280], [52, 280], [52, 275]]","[49.5, 277.5]",20.2579
525,"[[54, 275], [54, 280], [57, 280], [57, 275]]","[55.5, 277.5]",97.8394
526,"[[59, 275], [59, 280], [61, 280], [61, 275]]","[60.0, 277.5]",115.691
527,"[[63, 275], [63, 280], [65, 280], [65, 275]]","[64.0, 277.5]",110.486
528,"[[67, 275], [67, 280], [69, 280], [69, 275]]","[68.0, 277.5]",107.479
529,"[[71, 275], [71, 280], [73, 280], [73, 275]]","[72.0, 277.5]",107.479
530,"[[75, 275], [75, 280], [77, 280], [77, 275]]","[76.0, 277.5]",110.486
531,"[[79, 275], [79, 280], [81, 280], [81, 275]]","[80.0, 277.5]",115.691
532,"[[83, 275], [83, 280], [86, 280], [86, 275]]","[84.5, 277.5]",97.8394
533,"[[88, 275], [88, 280], [93, 280], [93, 275]]","[90.5, 277.5]",20.2579
534,"[[95, 275], [95, 280], [104, 280], [104, 275]]","[99.5, 277.5]",16.1356
535,"[[106, 275], [106, 280], [114, 280], [114, 275]]","[110.0, 277.5]",94.5753
536,"[[26, 282], [26, 288], [34, 288], [34, 282]]","[30.0, 285.0]",160.759
537,"[[36, 282], [36, 288], [45, 288], [45, 282]]","[40.5, 285.0]",24.097
538,"[[47, 282], [47, 288], [52, 288], [52, 282]]","[49.5, 285.0]",24.0979
539,"[[54, 282], [54, 288], [57, 288], [57, 282]]","[55.5, 285.0]",99.467
540,"[[59, 282], [59, 288], [61, 288], [61, 282]]","[60.0, 285.0]",114.739
541,"[[63, 282], [63, 288], [65, 288], [65, 282]]","[64.0, 285.0]",108.857
542,"[[67, 282], [67, 288], [69, 288], [69, 282]]","[68.0, 285.0]",105.136
543,"[[71, 282], [71, 288], [73, 288], [73, 282]]","[72.0, 285.0]",105.136
544,"[[75, 282], [75, 288], [77, 288], [77, 282]]","[76.0, 285.0]",108.857
545,"[[79, 282], [79, 288], [81, 288], [81, 282]]","[80.0, 285.0]",114.739
546,"[[83, 282], [83, 288], [86, 288], [86, 282]]","[84.5, 285.0]",99.467
547,"[[88, 282], [88, 288], [93, 288], [93, 282]]","[90.5, 285.0]",24.0979
548,"[[95, 282], [95, 288], [104, 288], [104, 282]]","[99.5, 285.0]",24.097
549,"[[106, 282], [106, 288], [114, 288], [114, 282]]","[110.0, 285.0]",160.759
550,"[[26, 290], [26, 296], [34, 296], [34, 290]]","[30.0, 293.0]",148.484
551,"[[36, 290], [36, 296], [45, 296], [45, 290]]","[40.5, 293.0]",39.0674
552,"[[47, 290], [47, 296], [52, 296], [52, 290]]","[49.5, 293.0]",28.2945
553,"[[54, 290], [54, 296], [57, 296], [57, 290]]","[55.5, 293.0]",103.952
554,"[[59, 290], [59, 296], [61, 296], [61, 290]]","[60.0, 293.0]",116.779
555,"[[63, 290], [63, 296], [65, 296], [65, 290]]","[64.0, 293.0]",108.993
556,"[[67, 290], [67, 296], [69, 296], [69, 290]]","[68.0, 293.0]",104.12
557,"[[71, 290], [71, 296], [73, 296], [73, 290]]","[72.0, 293.0]",104.12
558,"[[75, 290], [75, 296], [77, 296], [77, 290]]","[76.0, 293.0]",108.993
559,"[[79, 290], [79, 296], [81, 296], [81, 290]]","[80.0, 293.0]",116.779
560,"[[83, 290], [83, 296], [86, 296], [86, 290]]","[84.5, 293.0]",103.952
561,"[[88, 290], [88, 296], [93, 296], [93, 290]]","[90.5, 293.0]",28.2945
562,"[[95, 290], [95, 296], [104, 296], [104, 290]]","[99.5, 293.0]",39.0674
563,"[[106, 290], [106, 296], [114, 296], [114, 290]]","[110.0, 293.0]",148.484
564,"[[26, 298], [26, 304], [34, 304], [34, 298]]","[30.0, 301.0]",140.262
565,"[[36, 298], [36, 304], [45, 304], [45, 298]]","[40.5, 301.0]",47.5176
566,"[[47, 298], [47, 304], [52, 304], [52, 298]]","[49.5, 301.0]",30.0486
567,"[[54, 298], [54, 304], [57, 304], [57, 298]]","[55.5, 301.0]",107.027
568,"[[59, 298], [59, 304], [61, 304], [61, 298]]","[60.0, 301.0]",118.987
569,"[[63, 298], [63, 304], [65, 304], [65, 298]]","[64.0, 301.0]",109.145
570,"[[67, 298], [67, 304], [69, 304], [69, 298]]","[68.0, 301.0]",102.872
571,"[[71, 298], [71, 304], [73, 304], [73, 298]]","[72.0, 301.0]",102.872
572,"[[75, 298], [75, 304], [77, 304], [77, 298]]","[76.0, 301.0]",109.145
573,"[[79, 298], [79, 304], [81, 304], [81, 298]]","[80.0, 301.0]",118.987
574,"[[83, 298], [83, 304], [86, 304], [86, 298]]","[84.5, 301.0]",107.027
575,"[[88, 298], [88, 304], [93, 304], [93, 298]]","[90.5, 301.0]",30.0486
576,"[[95, 298], [95, 304], [104, 304], [104, 298]]","[99.5, 301.0]",47.5176
577,"[[106, 298], [106, 304], [114, 304], [114, 298]]","[110.0, 301.0]",140.262
578,"[[26, 306], [26, 313], [34, 313], [34, 306]]","[30.0, 309.5]",134.129
579,"[[36, 306], [36, 313], [45, 313], [45, 306]]","[40.5, 309.5]",52.7891
580,"[[47, 306], [47, 313], [52, 313], [52, 306]]","[49.5, 309.5]",30.2493
581,"[[54, 306], [54, 313], [57, 313], [57, 306]]","[55.5, 309.5]",108.494
582,"[[59, 306], [59, 313], [61, 313], [61, 306]]","[60.0, 309.5]",121.269
583,"[[63, 306], [63, 313], [65, 313], [65, 306]]","[64.0, 309.5]",108.294
584,"[[67, 306], [67, 313], [69, 313], [69, 306]]","[68.0, 309.5]",100.416
585,"[[71, 306], [71, 313], [73, 313], [73, 306]]","[72.0, 309.5]",100.416
586,"[[75, 306], [75, 313], [77, 313], [77, 306]]","[76.0, 309.5]",108.294
587,"[[79, 306], [79, 313], [81, 313], [81, 306]]","[80.0, 309.5]",121.269
588,"[[83, 306], [83, 313], [86, 313], [86, 306]]","[84.5, 309.5]",108.494
589,"[[88, 306], [88, 313], [93, 313], [93, 306]]","[90.5, 309.5]",30.2493
590,"[[95, 306], [95, 313], [104, 313], [104, 306]]","[99.5, 309.5]",52.7891
591,"[[106, 306], [106, 313], [114, 313], [114, 306]]","[110.0, 309.5]",134.129
592,"[[26, 315], [26, 334], [34, 334], [34, 315]]","[30.0, 324.5]",139.347
593,"[[36, 315], [36, 334], [45, 334], [45, 315]]","[40.5, 324.5]",69.1271
594,"[[47, 315], [47, 334], [52, 334], [52, 315]]","[49.5, 324.5]",32.5174
595,"[[54, 315], [54, 334], [57, 334], [57, 315]]","[55.5, 324.5]",132.968
596,"[[59, 315], [59, 334], [61, 334], [61, 315]]","[60.0, 324.5]",151.829
597,"[[63, 315], [63, 334], [65, 334], [65, 315]]","[64.0, 324.5]",129.176
598,"[[67, 315], [67, 334], [69, 334], [69, 315]]","[68.0, 324.5]",118.334
599,"[[71, 315], [71, 334], [73, 334], [73, 315]]","[72.0, 324.5]",118.334
600,"[[75, 315], [75, 334], [77, 334], [77, 315]]","[76.0, 324.5]",129.176
601,"[[79, 315], [79, 334], [81, 334], [81, 315]]","[80.0, 324.5]",151.829
602,"[[83, 315], [83, 334], [86, 334], [86, 315]]","[84.5, 324.5]",132.968
603,"[[88, 315], [88, 334], [93, 334], [93, 315]]","[90.5, 324.5]",32.5174
604,"[[95, 315], [95, 334], [104, 334], [104, 315]]","[99.5, 324.5]",69.1271
605,"[[106, 315], [106, 334], [114, 334], [114, 315]]","[110.0, 324.5]",139.347
606,"[[26, 336], [26, 357], [34, 357], [34, 336]]","[30.0, 346.5]",126.379
607,"[[36, 336], [36, 357], [45, 357], [45, 336]]","[40.5, 346.5]",70.5519
608,"[[47, 336], [47, 357], [52, 357], [52, 336]]","[49.5, 346.5]",31.3909
609,"[[54, 336], [54, 357], [57, 357], [57, 336]]","[55.5, 346.5]",130.326
610,"[[59, 336], [59, 357], [61, 357], [61, 336]]","[60.0, 346.5]",148.238
611,"[[63, 336], [63, 357], [65, 357], [65, 336]]","[64.0, 346.5]",124.839
612,"[[67, 336], [67, 357], [69, 357], [69, 336]]","[68.0, 346.5]",113.644
613,"[[71, 336], [71, 357], [73, 357], [73, 336]]","[72.0, 346.5]",113.644
614,"[[75, 336], [75, 357], [77, 357], [77, 336]]","[76.0, 346.5]",124.839
615,"[[79, 336], [79, 357], [81, 357], [81, 336]]","[80.0, 346.5]",148.238
616,"[[83, 336], [83, 357], [86, 357], [86, 336]]","[84.5, 346.5]",130.326
617,"[[88, 336], [88, 357], [93, 357], [93, 336]]","[90.5, 346.5]",31.3909
618,"[[95, 336], [95, 357], [104, 357], [104, 336]]","[99.5, 346.5]",70.5519
619,"[[106, 336], [106, 357], [114, 357], [114, 336]]","[110.0, 346.5]",126.379
620,"[[26, 359], [26, 383], [34, 383], [34, 359]]","[30.0, 371.0]",112.753
621,"[[36, 359], [36, 383], [45, 383], [45, 359]]","[40.5, 371.0]",69.5625
622,"[[47, 359], [47, 383], [52, 383], [52, 359]]","[49.5, 371.0]",29.5826
623,"[[54, 359], [54, 383], [57, 383], [57, 359]]","[55.5, 371.0]",122.862
624,"[[59, 359], [59, 383], [61, 383], [61, 359]]","[60.0, 371.0]",139.835
625,"[[63, 359], [63, 383], [65, 383], [65, 359]]","[64.0, 371.0]",116.56
626,"[[67, 359], [67, 383], [69, 383], [69, 359]]","[68.0, 371.0]",105.527
627,"[[71, 359], [71, 383], [73, 383], [73, 359]]","[72.0, 371.0]",105.527
628,"[[75, 359], [75, 383], [77, 383], [77, 359]]","[76.0, 371.0]",116.56
629,"[[79, 359], [79, 383], [81, 383], [81, 359]]","[80.0, 371.0]",139.835
630,"[[83, 359], [83, 383], [86, 383], [86, 359]]","[84.5, 371.0]",122.862
631,"[[88, 359], [88, 383], [93, 383], [93, 359]]","[90.5, 371.0]",29.5826
632,"[[95, 359], [95, 383], [104, 383], [104, 359]]","[99.5, 371.0]",69.5625
633,"[[106, 359], [106, 383], [114, 383], [114, 359]]","[110.0, 371.0]",112.753
634,"[[26, 385], [26, 409], [34, 409], [34, 385]]","[30.0, 397.0]",97.4558
635,"[[36, 385], [36, 409], [45, 409], [45, 385]]","[40.5, 397.0]",63.2795
636,"[[47, 385], [47, 409], [52, 409], [52, 385]]","[49.5, 397.0]",26.7029
637,"[[54, 385], [54, 409], [57, 409], [57, 385]]","[55.5, 397.0]",109.785
638,"[[59, 385], [59, 409], [61, 409], [61, 385]]","[60.0, 397.0]",124.984
639,"[[63, 385], [63, 409], [65, 409], [65, 385]]","[64.0, 397.0]",103.703
640,"[[67, 385], [67, 409], [69, 409], [69, 385]]","[68.0, 397.0]",93.4677
641,"[[71, 385], [71, 409], [73, 409], [73, 385]]","[72.0, 397.0]",93.4677
642,"[[75, 385], [75, 409], [77, 409], [77, 385]]","[76.0, 397.0]",103.703
643,"[[79, 385], [79, 409], [81, 409], [81, 385]]","[80.0, 397.0]",124.984
644,"[[83, 385], [83, 409], [86, 409], [86, 385]]","[84.5, 397.0]",109.785
645,"[[88, 385], [88, 409], [93, 409], [93, 385]]","[90.5, 397.0]",26.7029
646,"[[95, 385], [95, 409], [104, 409], [104, 385]]","[99.5, 397.0]",63.2795
647,"[[106, 385], [106, 409], [114, 409], [114, 385]]","[110.0, 397.0]",97.4558
648,"[[26, 411], [26, 439], [34, 439], [34, 411]]","[30.0, 425.0]",86.2546
649,"[[36, 411], [36, 439], [45, 439], [45, 411]]","[40.5, 425.0]",59.0675
650,"[[47, 411], [47, 439], [52, 439], [52, 411]]","[49.5, 425.0]",24.1926
651,"[[54, 411], [54, 439], [57, 439], [57, 411]]","[55.5, 425.0]",102.585
652,"[[59, 411], [59, 439], [61, 439], [61, 411]]","[60.0, 425.0]",117.747
653,"[[63, 411], [63, 439], [65, 439], [65, 411]]","[64.0, 425.0]",96.7202
654,"[[67, 411], [67, 439], [69, 439], [69, 411]]","[68.0, 425.0]",86.619
655,"[[71, 411], [71, 439], [73, 439], [73, 411]]","[72.0, 425.0]",86.619
656,"[[75, 411], [75, 439], [77, 439], [77, 411]]","[76.0, 425.0]",96.7202
657,"[[79, 411], [79, 439], [81, 439], [81, 411]]","[80.0, 425.0]",117.747
658,"[[83, 411], [83, 439], [86, 439], [86, 411]]","[84.5, 425.0]",102.585
659,"[[88, 411], [88, 439], [93, 439], [93, 411]]","[90.5, 425.0]",24.1926
660,"[[95, 411], [95, 439], [104, 439], [104, 411]]","[99.5, 425.0]",59.0675
661,"[[106, 411], [106, 439], [114, 439], [114, 411]]","[110.0, 425.0]",86.2546
662,"[[26, 441], [26, 469], [34, 469], [34, 441]]","[30.0, 455.0]",72.7463
663,"[[36, 441], [36, 469], [45, 469], [45, 441]]","[40.5, 455.0]",51.2273
664,"[[47, 441], [47, 469], [52, 469], [52, 441]]","[49.5, 455.0]",21.1805
665,"[[54, 441], [54, 469], [57, 469], [57, 441]]","[55.5, 455.0]",88.874
666,"[[59, 441], [59, 469], [61, 469], [61, 441]]","[60.0, 455.0]",101.98
667,"[[63, 441], [63, 469], [65, 469], [65, 441]]","[64.0, 455.0]",82.9068
668,"[[67, 441], [67, 469], [69, 469], [69, 441]]","[68.0, 455.0]",73.6265
669,"[[71, 441], [71, 469], [73, 469], [73, 441]]","[72.0, 455.0]",73.6265
670,"[[75, 441], [75, 469], [77, 469], [77, 441]]","[76.0, 455.0]",82.9068
671,"[[79, 441], [79, 469], [81, 469], [81, 441]]","[80.0, 455.0]",101.98
672,"[[83, 441], [83, 469], [86, 469], [86, 441]]","[84.5, 455.0]",88.874
673,"[[88, 441], [88, 469], [93, 469], [93, 441]]","[90.5, 455.0]",21.1805
674,"[[95, 441], [95, 469], [104, 469], [104, 441]]","[99.5, 455.0]",51.2273
675,"[[106, 441], [106, 469], [114, 469], [114, 441]]","[110.0, 455.0]",72.7463
676,"[[26, 471], [26, 504], [34, 504], [34, 471]]","[30.0, 487.5]",62.3819
677,"[[36, 471], [36, 504], [45, 504], [45, 471]]","[40.5, 487.5]",45.9175
678,"[[47, 471], [47, 504], [52, 504], [52, 471]]","[49.5, 487.5]",19.0386
679,"[[54, 471], [54, 504], [57, 504], [57, 471]]","[55.5, 487.5]",80.9914
680,"[[59, 471], [59, 504], [61, 504], [61, 471]]","[60.0, 487.5]",93.4785
681,"[[63, 471], [63, 504], [65, 504], [65, 471]]","[64.0, 487.5]",74.4892
682,"[[67, 471], [67, 504], [69, 504], [69, 471]]","[68.0, 487.5]",65.2193
683,"[[71, 471], [71, 504], [73, 504], [73, 471]]","[72.0, 487.5]",65.2193
684,"[[75, 471], [75, 504], [77, 504], [77, 471]]","[76.0, 487.5]",74.4892
685,"[[79, 471], [79, 504], [81, 504], [81, 471]]","[80.0, 487.5]",93.4785
686,"[[83, 471], [83, 504], [86, 504], [86, 471]]","[84.5, 487.5]",80.9914
687,"[[88, 471], [88, 504], [93, 504], [93, 471]]","[90.5, 487.5]",19.0386
688,"[[95, 471], [95, 504], [104, 504], [104, 471]]","[99.5, 487.5]",45.9175
689,"[[106, 471], [106, 504], [114, 504], [114, 471]]","[110.0, 487.5]",62.3819
690,"[[26, 506], [26, 542], [34, 542], [34, 506]]","[30.0, 524.0]",52.1069
691,"[[36, 506], [36, 542], [45, 542], [45, 506]]","[40.5, 524.0]",39.9847
692,"[[47, 506], [47, 542], [52, 542], [52, 506]]","[49.5, 524.0]",17.1535
693,"[[54, 506], [54, 542], [57, 542], [57, 506]]","[55.5, 524.0]",71.6447
694,"[[59, 506], [59, 542], [61, 542], [61, 506]]","[60.0, 524.0]",81.1105
695,"[[63, 506], [63, 542], [65, 542], [65, 506]]","[64.0, 524.0]",62.3585
696,"[[67, 506], [67, 542], [69, 542], [69, 506]]","[68.0, 524.0]",53.3353
697,"[[71, 506], [71, 542], [73, 542], [73, 506]]","[72.0, 524.0]",53.3353
698,"[[75, 506], [75, 542], [77, 542], [77, 506]]","[76.0, 524.0]",62.3585
699,"[[79, 506], [79, 542], [81, 542], [81, 506]]","[80.0, 524.0]",81.1105
700,"[[83, 506], [83, 542], [86, 542], [86, 506]]","[84.5, 524.0]",71.6447
701,"[[88, 506], [88, 542], [93, 542], [93, 506]]","[90.5, 524.0]",17.1535
702,"[[95, 506], [95, 542], [104, 542], [104, 506]]","[99.5, 524.0]",39.9847
703,"[[106, 506], [106, 542], [114, 542], [114, 506]]","[110.0, 524.0]",52.1069
704,"[[26, 544], [26, 581], [34, 581], [34, 544]]","[30.0, 562.5]",66.2239
705,"[[36, 544], [36, 581], [45, 581], [45, 544]]","[40.5, 562.5]",54.2738
706,"[[47, 544], [47, 581], [52, 581], [52, 544]]","[49.5, 562.5]",16.7831
707,"[[54, 544], [54, 581], [57, 581], [57, 544]]","[55.5, 562.5]",59.756
708,"[[59, 544], [59, 581], [61, 581], [61, 544]]","[60.0, 562.5]",63.6414
709,"[[63, 544], [63, 581], [65, 581], [65, 544]]","[64.0, 562.5]",46.5742
710,"[[67, 544], [67, 581], [69, 581], [69, 544]]","[68.0, 562.5]",38.8393
711,"[[71, 544], [71, 581], [73, 581], [73, 544]]","[72.0, 562.5]",38.8393
712,"[[75, 544], [75, 581], [77, 581], [77, 544]]","[76.0, 562.5]",46.5742
713,"[[79, 544], [79, 581], [81, 581], [81, 544]]","[80.0, 562.5]",63.6414
714,"[[83, 544], [83, 581], [86, 581], [86, 544]]","[84.5, 562.5]",59.756
715,"[[88, 544], [88, 581], [93, 581], [93, 544]]","[90.5, 562.5]",16.7831
716,"[[95, 544], [95, 581], [104, 581], [104, 544]]","[99.5, 562.5]",54.2738
717,"[[106, 544], [106, 581], [114, 581], [114, 544]]","[110.0, 562.5]",66.2239
718,"[[26, 583], [26, 616], [34, 616], [34, 583]]","[30.0, 599.5]",43.1915
719,"[[36, 583], [36, 616], [45, 616], [45, 583]]","[40.5, 599.5]",36.4349
720,"[[47, 583], [47, 616], [52, 616], [52, 583]]","[49.5, 599.5]",11.5542
721,"[[54, 583], [54, 616], [57, 616], [57, 583]]","[55.5, 599.5]",38.6701
722,"[[59, 583], [59, 616], [61, 616], [61, 583]]","[60.0, 599.5]",40.8474
723,"[[63, 583], [63, 616], [65, 616], [65, 583]]","[64.0, 599.5]",29.8356
724,"[[67, 583], [67, 616], [69, 616], [69, 583]]","[68.0, 599.5]",24.9374
725,"[[71, 583], [71, 616], [73, 616], [73, 583]]","[72.0, 599.5]",24.9374
726,"[[75, 583], [75, 616], [77, 616], [77, 583]]","[76.0, 599.5]",29.8356
727,"[[79, 583], [79, 616], [81, 616], [81, 583]]","[80.0, 599.5]",40.8474
728,"[[83, 583], [83, 616], [86, 616], [86, 583]]","[84.5, 599.5]",38.6701
729,"[[88, 583], [88, 616], [93, 616], [93, 583]]","[90.5, 599.5]",11.5542
730,"[[95, 583], [95, 616], [104, 616], [104, 583]]","[99.5, 599.5]",36.4349
731,"[[106, 583], [106, 616], [114, 616], [114, 583]]","[110.0, 599.5]",43.1915
732,"[[26, 618], [26, 649], [34, 649], [34, 618]]","[30.0, 633.5]",29.9201
733,"[[36, 618], [36, 649], [45, 649], [45, 618]]","[40.5, 633.5]",25.2665
734,"[[47, 618], [47, 649], [52, 649], [52, 618]]","[49.5, 633.5]",7.96876
735,"[[54, 618], [54, 649], [57, 649], [57, 618]]","[55.5, 633.5]",25.6298
736,"[[59, 618], [59, 649], [61, 649], [61, 618]]","[60.0, 633.5]",27.4966
737,"[[63, 618], [63, 649], [65, 649], [65, 618]]","[64.0, 633.5]",20.546
738,"[[67, 618], [67, 649], [69, 649], [69, 618]]","[68.0, 633.5]",17.4507
739,"[[71, 618], [71, 649], [73, 649], [73, 618]]","[72.0, 633.5]",17.4507
740,"[[75, 618], [75, 649], [77, 649], [77, 618]]","[76.0, 633.5]",20.546
741,"[[79, 618], [79, 649], [81, 649], [81, 618]]","[80.0, 633.5]",27.4966
742,"[[83, 618], [83, 649], [86, 649], [86, 618]]","[84.5, 633.5]",25.6298
743,"[[88, 618], [88, 649], [93, 649], [93, 618]]","[90.5, 633.5]",7.96876
744,"[[95, 618], [95, 649], [104, 649], [104, 618]]","[99.5, 633.5]",25.2665
745,"[[106, 618], [106, 649], [114, 649], [114, 618]]","[110.0, 633.5]",29.9201
746,"[[26, 651], [26, 723], [34, 723], [34, 651]]","[30.0, 687.0]",15.4605
747,"[[36, 651], [36, 723], [45, 723], [45, 651]]","[40.5, 687.0]",15.2317
748,"[[47, 651], [47, 723], [52, 723], [52, 651]]","[49.5, 687.0]",5.67995
749,"[[54, 651], [54, 723], [57, 723], [57, 651]]","[55.5, 687.0]",23.2604
750,"[[59, 651], [59, 723], [61, 723], [61, 651]]","[60.0, 687.0]",28.2248
751,"[[63, 651], [63, 723], [65, 723], [65, 651]]","[64.0, 687.0]",21.9979
752,"[[67, 651], [67, 723], [69, 723], [69, 651]]","[68.0, 687.0]",19.0534
753,"[[71, 651], [71, 723], [73, 723], [73, 651]]","[72.0, 687.0]",19.0534
754,"[[75, 651], [75, 723], [77, 723], [77, 651]]","[76.0, 687.0]",21.9979
755,"[[79, 651], [79, 723], [81, 723], [81, 651]]","[80.0, 687.0]",28.2248
756,"[[83, 651], [83, 723], [86, 723], [86, 651]]","[84.5, 687.0]",23.2604
757,"[[88, 651], [88, 723], [93, 723], [93, 651]]","[90.5, 687.0]",5.67995
758,"[[95, 651], [95, 723], [104, 723], [104, 651]]","[99.5, 687.0]",15.2317
759,"[[106, 651], [106, 723], [114, 723], [114, 651]]","[110.0, 687.0]",15.4605
760,"[[26, 725], [26, 791], [34, 791], [34, 725]]","[30.0, 758.0]",6.13494
761,"[[36, 725], [36, 791], [45, 791], [45, 725]]","[40.5, 758.0]",6.49191
762,"[[47, 725], [47, 791], [52, 791], [52, 725]]","[49.5, 758.0]",2.87016
763,"[[54, 725], [54, 791], [57, 791], [57, 725]]","[55.5, 758.0]",10.805
764,"[[59, 725], [59, 791], [61, 791], [61, 725]]","[60.0, 758.0]",13.2537
765,"[[63, 725], [63, 791], [65, 791], [65, 725]]","[64.0, 758.0]",10.4645
766,"[[67, 725], [67, 791], [69, 791], [69, 725]]","[68.0, 758.0]",9.15369
767,"[[71, 725], [71, 791], [73, 791], [73, 725]]","[72.0, 758.0]",9.15369
768,"[[75, 725], [75, 791], [77, 791], [77, 725]]","[76.0, 758.0]",10.4645
769,"[[79, 725], [79, 791], [81, 791], [81, 725]]","[80.0, 758.0]",13.2537
770,"[[83, 725], [83, 791], [86, 791], [86, 725]]","[84.5, 758.0]",10.805
771,"[[88, 725], [88, 791], [93, 791], [93, 725]]","[90.5, 758.0]",2.87016
772,"[[95, 725], [95, 791], [104, 791], [104, 725]]","[99.5, 758.0]",6.49191
773,"[[106, 725], [106, 791], [114, 791], [114, 725]]","[110.0, 758.0]",6.13494
774,"[[26, 793], [26, 851], [34, 851], [34, 793]]","[30.0, 822.0]",2.68927
775,"[[36, 793], [36, 851], [45, 851], [45, 793]]","[40.5, 822.0]",2.95957
776,"[[47, 793], [47, 851], [52, 851], [52, 793]]","[49.5, 822.0]",1.53612
777,"[[54, 793], [54, 851], [57, 851], [57, 793]]","[55.5, 822.0]",5.29329
778,"[[59, 793], [59, 851], [61, 851], [61, 793]]","[60.0, 822.0]",6.53706
779,"[[63, 793], [63, 851], [65, 851], [65, 793]]","[64.0, 822.0]",5.27998
780,"[[67, 793], [67, 851], [69, 851], [69, 793]]","[68.0, 822.0]",4.69816
781,"[[71, 793], [71, 851], [73, 851], [73, 793]]","[72.0, 822.0]",4.69816
782,"[[75, 793], [75, 851], [77, 851], [77, 793]]","[76.0, 822.0]",5.27998
783,"[[79, 793], [79, 851], [81, 851], [81, 793]]","[80.0, 822.0]",6.53706
784,"[[83, 793], [83, 851], [86, 851], [86, 793]]","[84.5, 822.0]",5.29329
785,"[[88, 793], [88, 851], [93, 851], [93, 793]]","[90.5, 822.0]",1.53612
786,"[[95, 793], [95, 851], [104, 851], [104, 793]]","[99.5, 822.0]",2.95957
787,"[[106, 793], [106, 851], [114, 851], [114, 793]]","[110.0, 822.0]",2.68927
788,"[[26, 853], [26, 907], [34, 907], [34, 853]]","[30.0, 880.0]",1.28067
789,"[[36, 853], [36, 907], [45, 907], [45, 853]]","[40.5, 880.0]",1.48177
790,"[[47, 853], [47, 907], [52, 907], [52, 853]]","[49.5, 880.0]",0.947651
791,"[[54, 853], [54, 907], [57, 907], [57, 853]]","[55.5, 880.0]",3.12796
792,"[[59, 853], [59, 907], [61, 907], [61, 853]]","[60.0, 880.0]",3.97479
793,"[[63, 853], [63, 907], [65, 907], [65, 853]]","[64.0, 880.0]",3.33873
794,"[[67, 853], [67, 907], [69, 907], [69, 853]]","[68.0, 880.0]",3.04534
795,"[[71, 853], [71, 907], [73, 907], [73, 853]]","[72.0, 880.0]",3.04534
796,"[[75, 853], [75, 907], [77, 907], [77, 853]]","[76.0, 880.0]",3.33873
797,"[[79, 853], [79, 907], [81, 907], [81, 853]]","[80.0, 880.0]",3.97479
798,"[[83, 853], [83, 907], [86, 907], [86, 853]]","[84.5, 880.0]",3.12796
799,"[[88, 853], [88, 907], [93, 907], [93, 853]]","[90.5, 880.0]",0.947651
800,"[[95, 853], [95, 907], [104, 907], [104, 853]]","[99.5, 880.0]",1.48177
801,"[[106, 853], [106, 907], [114, 907], [114, 853]]","[110.0, 880.0]",1.28067
802,"[[26, 909], [26, 957], [34, 957], [34, 909]]","[30.0, 933.0]",0.684132
803,"[[36, 909], [36, 957], [45, 957], [45, 909]]","[40.5, 933.0]",0.842546
804,"[[47, 909], [47, 957], [52, 957], [52, 909]]","[49.5, 933.0]",0.665445
805,"[[54, 909], [54, 957], [57, 957], [57, 909]]","[55.5, 933.0]",2.14265
806,"[[59, 909], [59, 957], [61, 957], [61, 909]]","[60.0, 933.0]",2.79575
807,"[[63, 909], [63, 957], [65, 957], [65, 909]]","[64.0, 933.0]",2.44222
808,"[[67, 909], [67, 957], [69, 957], [69, 909]]","[68.0, 933.0]",2.2787
809,"[[71, 909], [71, 957], [73, 957], [73, 909]]","[72.0, 933.0]",2.2787
810,"[[75, 909], [75, 957], [77, 957], [77, 909]]","[76.0, 933.0]",2.44222
811,"[[79, 909], [79, 957], [81, 957], [81, 909]]","[80.0, 933.0]",2.79575
812,"[[83, 909], [83, 957], [86, 957], [86, 909]]","[84.5, 933.0]",2.14265
813,"[[88, 909], [88, 957], [93, 957], [93, 909]]","[90.5, 933.0]",0.665445
814,"[[95, 909], [95, 957], [104, 957], [104, 909]]","[99.5, 933.0]",0.842546
815,"[[106, 909], [106, 957], [114, 957], [114, 909]]","[110.0, 933.0]",0.684132
816,"[[26, 959], [26, 1007], [34, 1007], [34, 959]]","[30.0, 983.0]",0.404057
817,"[[36, 959], [36, 1007], [45, 1007], [45, 959]]","[40.5, 983.0]",0.546407
818,"[[47, 959], [47, 1007], [52, 1007], [52, 959]]","[49.5, 983.0]",0.546004
819,"[[54, 959], [54, 1007], [57, 1007], [57, 959]]","[55.5, 983.0]",1.75706
820,"[[59, 959], [59, 1007], [61, 1007], [61, 959]]","[60.0, 983.0]",2.35584
821,"[[63, 959], [63, 1007], [65, 1007], [65, 959]]","[64.0, 983.0]",2.11362
822,"[[67, 959], [67, 1007], [69, 1007], [69, 959]]","[68.0, 983.0]",1.99955
823,"[[71, 959], [71, 1007], [73, 1007], [73, 959]]","[72.0, 983.0]",1.99955
824,"[[75, 959], [75, 1007], [77, 1007], [77, 959]]","[76.0, 983.0]",2.11362
825,"[[79, 959], [79, 1007], [81, 1007], [81, 959]]","[80.0, 983.0]",2.35584
826,"[[83, 959], [83, 1007], [86, 1007], [86, 959]]","[84.5, 983.0]",1.75706
827,"[[88, 959], [88, 1007], [93, 1007], [93, 959]]","[90.5, 983.0]",0.546004
828,"[[95, 959], [95, 1007], [104, 1007], [104, 959]]","[99.5, 983.0]",0.546407
829,"[[106, 959], [106, 1007], [114, 1007], [114, 959]]","[110.0, 983.0]",0.404057
830,"[[26, 1009], [26, 1052], [34, 1052], [34, 1009]]","[30.0, 1030.5]",0.274412
831,"[[36, 1009], [36, 1052], [45, 1052], [45, 1009]]","[40.5, 1030.5]",0.40863
832,"[[47, 1009], [47, 1052], [52, 1052], [52, 1009]]","[49.5, 1030.5]",0.483939
833,"[[54, 1009], [54, 1052], [57, 1052], [57, 1009]]","[55.5, 1030.5]",1.51573
834,"[[59, 1009], [59, 1052], [61, 1052], [61, 1009]]","[60.0, 1030.5]",2.03463
835,"[[63, 1009], [63, 1052], [65, 1052], [65, 1009]]","[64.0, 1030.5]",1.84705
836,"[[67, 1009], [67, 1052], [69, 1052], [69, 1009]]","[68.0, 1030.5]",1.75561
837,"[[71, 1009], [71, 1052], [73, 1052], [73, 1009]]","[72.0, 1030.5]",1.75561
838,"[[75, 1009], [75, 1052], [77, 1052], [77, 1009]]","[76.0, 1030.5]",1.84705
839,"[[79, 1009], [79, 1052], [81, 1052], [81, 1009]]","[80.0, 1030.5]",2.03463
840,"[[83, 1009], [83, 1052], [86, 1052], [86, 1009]]","[84.5, 1030.5]",1.51573
841,"[[88, 1009], [88, 1052], [93, 1052], [93, 1009]]","[90.5, 1030.5]",0.483939
842,"[[95, 1009], [95, 1052], [104, 1052], [104, 1009]]","[99.5, 1030.5]",0.40863
843,"[[106, 1009], [106, 1052], [114, 1052], [114, 1009]]","[110.0, 1030.5]",0.274412
844,"[[26, 1054], [26, 1097], [34, 1097], [34, 1054]]","[30.0, 1075.5]",0.213978
845,"[[36, 1054], [36, 1097], [45, 1097], [45, 1054]]","[40.5, 1075.5]",0.352266
846,"[[47, 1054], [47, 1097], [52, 1097], [52, 1054]]","[49.5, 1075.5]",0.481286
847,"[[54, 1054], [54, 1097], [57, 1097], [57, 1054]]","[55.5, 1075.5]",1.46682
848,"[[59, 1054], [59, 1097], [61, 1097], [61, 1054]]","[60.0, 1075.5]",1.9386
849,"[[63, 1054], [63, 1097], [65, 1097], [65, 1054]]","[64.0, 1075.5]",1.73051
850,"[[67, 1054], [67, 1097], [69, 1097], [69, 1054]]","[68.0, 1075.5]",1.62122
851,"[[71, 1054], [71, 1097], [73, 1097], [73, 1054]]","[72.0, 1075.5]",1.62122
852,"[[75, 1054], [75, 1097], [77, 1097], [77, 1054]]","[76.0, 1075.5]",1.73051
853,"[[79, 1054], [79, 1097], [81, 1097], [81, 1054]]","[80.0, 1075.5]",1.9386
854,"[[83, 1054], [83, 1097], [86, 1097], [86, 1054]]","[84.5, 1075.5]",1.46682
855,"[[88, 1054], [88, 1097], [93, 1097], [93, 1054]]","[90.5, 1075.5]",0.481286
856,"[[95, 1054], [95, 1097], [104, 1097], [104, 1054]]","[99.5, 1075.5]",0.352266
857,"[[106, 1054], [106, 1097], [114, 1097], [114, 1054]]","[110.0, 1075.5]",0.213978
858,"[[26, 1099], [26, 1136], [34, 1136], [34, 1099]]","[30.0, 1117.5]",0.2009
859,"[[36, 1099], [36, 1136], [45, 1136], [45, 1099]]","[40.5, 1117.5]",0.351559
860,"[[47, 1099], [47, 1136], [52, 1136], [52, 1099]]","[49.5, 1117.5]",0.507396
861,"[[54, 1099], [54, 1136], [57, 1136], [57, 1099]]","[55.5, 1117.5]",1.44538
862,"[[59, 1099], [59, 1136], [61, 1136], [61, 1099]]","[60.0, 1117.5]",1.79672
863,"[[63, 1099], [63, 1136], [65, 1136], [65, 1099]]","[64.0, 1117.5]",1.49348
864,"[[67, 1099], [67, 1136], [69, 1136], [69, 1099]]","[68.0, 1117.5]",1.31562
865,"[[71, 1099], [71, 1136], [73, 1136], [73, 1099]]","[72.0, 1117.5]",1.31562
866,"[[75, 1099], [75, 1136], [77, 1136], [77, 1099]]","[76.0, 1117.5]",1.49348
867,"[[79, 1099], [79, 1136], [81, 1136], [81, 1099]]","[80.0, 1117.5]",1.79672
868,"[[83, 1099], [83, 1136], [86, 1136], [86, 1099]]","[84.5, 1117.5]",1.44538
869,"[[88, 1099], [88, 1136], [93, 1136], [93, 1099]]","[90.5, 1117.5]",0.507396
870,"[[95, 1099], [95, 1136], [104, 1136], [104, 1099]]","[99.5, 1117.5]",0.351559
871,"[[106, 1099], [106, 1136], [114, 1136], [114, 1099]]","[110.0, 1117.5]",0.2009
872,"[[26, 1138], [26, 1175], [34, 1175], [34, 1138]]","[30.0, 1156.5]",0.311193
873,"[[36, 1138], [36, 1175], [45, 1175], [45, 1138]]","[40.5, 1156.5]",0.462779
874,"[[47, 1138], [47, 1175], [52, 1175], [52, 1138]]","[49.5, 1156.5]",0.567699
875,"[[54, 1138], [54, 1175], [57, 1175], [57, 1138]]","[55.5, 1156.5]",1.7016
876,"[[59, 1138], [59, 1175], [61, 1175], [61, 1138]]","[60.0, 1156.5]",1.9428
877,"[[63, 1138], [63, 1175], [65, 1175], [65, 1138]]","[64.0, 1156.5]",1.23381
878,"[[67, 1138], [67, 1175], [69, 1175], [69, 1138]]","[68.0, 1156.5]",0.8544
879,"[[71, 1138], [71, 1175], [73, 1175], [73, 1138]]","[72.0, 1156.5]",0.8544
880,"[[75, 1138], [75, 1175], [77, 1175], [77, 1138]]","[76.0, 1156.5]",1.23381
881,"[[79, 1138], [79, 1175], [81, 1175], [81, 1138]]","[80.0, 1156.5]",1.9428
882,"[[83, 1138], [83, 1175], [86, 1175], [86, 1138]]","[84.5, 1156.5]",1.7016
883,"[[88, 1138], [88, 1175], [93, 1175], [93, 1138]]","[90.5, 1156.5]",0.567699
884,"[[95, 1138], [95, 1175], [104, 1175], [104, 1138]]","[99.5, 1156.5]",0.462779
885,"[[106, 1138], [106, 1175], [114, 1175], [114, 1138]]","[110.0, 1156.5]",0.311193
